,artist,album,YYYYNN,release_date
6,윤하,3rd Album Part B - Growing Season,201001,2001-01-01T00:00:00Z
1,이승기,Shadow (Repackage),201001,2004-06-25T07:00:00Z
3,티아라 (T-ara),Absolute First Album,201001,2009-05-06T07:00:00Z
8,길미,The 2nd Purple Dream Sound,201001,2009-06-30T07:00:00Z
5,애프터스쿨 (After School),너 때문에,201001,2009-01-15T08:00:00Z
2,거미,크리스마스에 눈이 올까요? OST,201001,2003-02-01T08:00:00Z
4,지아 (Zia),Atelier,201001,2007-07-16T07:00:00Z
7,쥬얼리 (Jewelry),End And.. (Repackage),201001,2001-03-13T08:00:00Z
28,김남길,사랑하면 안 되니,201003,2013-01-14T08:00:00Z
29,포맨 (4Men),First Kiss,201003,1998-02-01T08:00:00Z
21,현아 (HyunA),Change,201003,2010-01-04T08:00:00Z
27,김우주,사랑해,201003,2005-05-10T07:00:00Z
34,씨엔블루 (CNBLUE),Bluetory,201004,2010-01-14T08:00:00Z
36,임재범,추노 OST,201004,1991-01-01T08:00:00Z
47,지연 (티아라),공부의 신 OST,201005,2009-05-06T07:00:00Z
42,포맨 (4MEN),The 3rd Generation (Special Album),201005,1998-02-01T08:00:00Z
40,2am,죽어도 못 보내,201005,2008-07-11T07:00:00Z
56,대성,솜사탕,201006,2008-06-16T07:00:00Z
51,소녀시대,Oh!,201006,2007-08-03T07:00:00Z
77,케이윌 (K.Will),산부인과 OST Part 1,201008,2005-11-10T08:00:00Z
73,민경훈,재회 (再會),201008,2007-12-04T08:00:00Z
76,김종국,Eleventh Story,201008,2001-12-01T08:00:00Z
75,언터쳐블 (Untouchable),Untouchable Mini Album 2nd,201008,2008-10-10T07:00:00Z
70,2NE1 (투애니 원),날 따라 해봐요,201008,2009-03-27T07:00:00Z
80,카라 (KARA),루팡 (Lupin),201009,2007-03-29T07:00:00Z
89,BIGBANG (빅뱅),Lollipop Part 2,201009,2006-08-29T07:00:00Z
93,조PD,보란듯이,201010,1999-01-01T08:00:00Z
94,빅마마 (BigMama),하루만,201010,2003-02-06T08:00:00Z
104,V.O.S,This Is Voice Of Soul,201011,2004-05-15T07:00:00Z
103,아웃사이더,주변인 : The Outsider,201011,2004-01-01T08:00:00Z
102,비스트 (Beast),Shock Of The New Era,201011,2009-10-14T07:00:00Z
116,디셈버 (December),Honesty,201012,2009-10-27T07:00:00Z
128,정인,정인 From Andromeda,201013,2010-03-11T08:00:00Z
127,에픽하이 (EPIK HIGH),Epilogue,201013,2003-10-24T07:00:00Z
123,마이티마우스 & 백지영,사랑이올까요,201013,2008-03-03T08:00:00Z
132,브라운 아이드 소울 (Brown Eyed Soul),비켜줄께 / Blowin My Mind,201014,2003-09-18T07:00:00Z
147,G-Dragon,Shine A Light (Live),201015,2008-06-30T07:00:00Z
140,비 (Rain),Back To The Basic,201015,2002-05-01T07:00:00Z
155,씨야 (SeeYa),개인의 취향 OST,201016,2006-02-22T08:00:00Z
158,주 (Joo),신데렐라 언니 OST,201016,2008-01-10T08:00:00Z
154,시크릿 (Secret),Secret Time,201016,2009-10-13T07:00:00Z
150,이효리,H-Logic,201016,2003-08-13T07:00:00Z
169,예성 (YESUNG),신데렐라 언니 OST,201017,2010-12-30T08:00:00Z
172,먼데이 키즈 (Monday Kiz),New Sentimental,201018,2008-03-31T07:00:00Z
174,김태우,개인의 취향 OST Part 4,201018,2000-05-19T07:00:00Z
170,2PM,Don`t Stop Can`t Stop,201018,2008-08-29T07:00:00Z
179,현아 & 낯선,E-TRIBE Project Album (201004),201018,2010-01-04T08:00:00Z
188,이석훈,인사,201019,2009-11-24T08:00:00Z
187,바비 킴 (Bobby Kim),Heart & Soul Repakage Special Edition 'Photo Essay',201019,1998-10-01T07:00:00Z
192,뜨거운 감자,5집 시소,201020,2003-06-13T07:00:00Z
195,다비치,Innocence,201020,2008-01-28T08:00:00Z
190,f(x),`NU 예삐오 (NU ABO)` (The 1st Mini Album),201020,2009-09-01T07:00:00Z
194,서인국,Just Beginning,201020,2009-10-27T07:00:00Z
207,슈퍼주니어 (Super Junior),`미인아 (BONAMANA)` The 4th Album,201021,2005-12-05T08:00:00Z
206,에이트 (8eight),The Bridge,201021,2007-11-07T08:00:00Z
215,엠블랙 (MBLAQ),Y (EP),201022,2009-10-14T07:00:00Z
211,바이브 (Vibe),4집 Vibe In Praha,201022,2002-02-01T08:00:00Z
214,포미닛 (4minute),Hit Your Heart,201022,2009-04-16T07:00:00Z
210,원더걸스 (Wonder Girls),2 Different Tears,201022,2007-02-13T08:00:00Z
239,서인영,Lov-Elly (EP),201024,2007-02-27T08:00:00Z
235,화요비,Hwayobi,201024,2000-06-14T07:00:00Z
246,코요태(KYT),코요태 어글리 (Koyote Ugly),201025,1998-12-02T08:00:00Z
267,씨스타 (Sistar),Push Push,201027,2010-06-03T07:00:00Z
261,T.O.P,GD & TOP 정규앨범 1집,201027,2009-06-25T07:00:00Z
263,나비 (Navi),1집 Hello,201027,2008-12-09T08:00:00Z
262,MC몽,블루브랜드 2집 Trauma Part 2,201027,2004-04-24T07:00:00Z
272,조권,고백하던 날,201028,2009-12-17T08:00:00Z
273,백지영,Timeless : The Best,201028,1999-06-01T07:00:00Z
276,태양,Solar,201028,2008-05-22T07:00:00Z
278,환희,로드넘버원OST Part 1,201028,2009-10-22T07:00:00Z
280,miss A,Bad But Good,201029,2010-07-01T07:00:00Z
286,손담비,the queen (THE 3RD MINI ALBUM SONDAMBI),201029,2007-06-18T07:00:00Z
285,나르샤 (브라운 아이드 걸스),NARSHA (EP),201029,2007-01-03T08:00:00Z
299,아이유 (IU),로드넘버원 OST Part 3,201030,2008-09-23T07:00:00Z
295,나르샤,NARSHA (EP),201030,2007-01-03T08:00:00Z
293,박재범,믿어줄래 [EP],201030,2010-10-11T07:00:00Z
301,샤이니 (SHINee),The 2nd Album 'LUCIFER',201031,2008-05-22T07:00:00Z
302,지나(G.NA),Draw G`s First Breath,201031,2010-07-05T07:00:00Z
317,창민＆이현 (HOMME),Homme by `Hitman` Bang,201032,2010-03-15T07:00:00Z
314,세븐,Digital Bounce (EP),201032,2003-03-08T08:00:00Z
316,DJ DOC,7집 풍류,201032,1994-11-01T08:00:00Z
323,보아 (BoA),‘Hurricane Venus’ BoA 6th Album,201033,2000-08-25T07:00:00Z
334,박재범 ＆ 용감한형제,The Classic,201034,2003-02-01T08:00:00Z
352,박효신,아테나 OST Part 1,201036,1999-12-01T08:00:00Z
357,FTISLAND (FT아일랜드),Beautiful Journey,201036,2007-06-05T07:00:00Z
359,레인보우 (Rainbow),A,201036,1975-08-04T07:00:00Z
362,휘성,RealSlow Is Back,201037,2002-04-03T08:00:00Z
384,미스에스 (Miss $),Miss Independent,201039,2013-02-05T08:00:00Z
386,임정희,진짜일 리 없어 (EP),201039,2005-05-09T07:00:00Z
396,JYJ,성균관 스캔들 OST,201040,2010-10-14T07:00:00Z
395,정엽,Love You,201040,2008-11-03T08:00:00Z
419,가인,step 2/4 (EP),201042,2006-05-30T07:00:00Z
424,신승훈,20th Anniversary - Best Collection & Tribute Album,201043,1990-11-01T08:00:00Z
422,강승윤,슈퍼스타K2 Up To 11,201043,2010-10-12T07:00:00Z
445,장재인,슈퍼스타K2 Up To 11,201045,2010-10-26T07:00:00Z
448,SG 워너비,SG Wannabe 7 Part 1,201045,2004-01-20T08:00:00Z
443,싸이 (Psy),5집 PsyFive (싸이파이브),201045,2002-01-16T08:00:00Z
459,이정,Let`s Dance (EP),201046,2003-08-05T07:00:00Z
452,허각,언제나,201046,2011-01-03T08:00:00Z
458,존 박,슈퍼스타K2 Up To 11,201046,2011-01-03T08:00:00Z
475,더 원 (The One),4th Part 1... 다시 걷는다,201048,2013-05-20T07:00:00Z
484,오렌지 캬라멜 (Orange Caramel),아잉♡ (EP),201049,2010-06-17T07:00:00Z
492,신용재,시크릿 가든 OST Special,201050,2010-11-29T08:00:00Z
509,이기찬,L. O. V. E,201051,1994-10-01T07:00:00Z
511,태연 (TAEYEON),`사랑해요` 아테나 OST,201052,2010-11-17T08:00:00Z
531,성시경,시크릿 가든 OST Special,201102,2001-04-01T08:00:00Z
545,현빈,시크릿 가든 OST Part 5,201103,2011-03-07T08:00:00Z
544,동방신기,왜 (Keep Your Head Down),201103,2004-01-14T08:00:00Z
560,정용화(Jung Yong Hwa),처음 사랑하는 연인들을 위해 (부제 반말송),201105,2011-01-14T08:00:00Z
562,오스카,시크릿 가든 OST Special,201105,2011-01-14T08:00:00Z
577,김보경,The First Day (EP),201106,2010-11-30T08:00:00Z
574,승리,승리 1st Mini Album V.V.I.P,201106,2011-01-20T08:00:00Z
589,선예 (원더걸스),드림하이 OST,201107,2011-01-10T08:00:00Z
595,마이티 마우스 (Mighty Mouth),Mighty Fresh,201108,2008-03-03T08:00:00Z
592,박진영,드림하이 OST,201108,1994-09-01T07:00:00Z
606,이현 (에이트),내꺼중에 최고,201109,2008-04-01T07:00:00Z
605,김수현,드림하이 OST,201109,2012-03-13T07:00:00Z
637,이소라,6집 눈썹달,201112,1995-09-01T07:00:00Z
630,송지은,미친거니 (Digital Single),201112,2008-10-10T07:00:00Z
653,윤도현,`나는 가수다` 경연 1. (`80년대 명곡 부르기),201114,2004-06-04T07:00:00Z
654,걸스데이 (Girl`s Day),Girl`s Day Party #3,201114,2010-07-09T07:00:00Z
668,박정현,`나는 가수다` 경연2. `서로의 노래 바꿔 부르기`,201115,1999-03-01T08:00:00Z
662,김건모,`나는 가수다` 경연2. `서로의 노래 바꿔 부르기`,201115,1992-10-29T08:00:00Z
660,김범수,`나는 가수다` 경연2. `서로의 노래 바꿔 부르기`,201115,1999-04-01T08:00:00Z
663,양파,Elegy Nouveau - 스페셜,201115,1996-12-01T08:00:00Z
694,슈프림팀 (Supreme Team),Hommage to Quincy Jones (Digital Single),201118,2009-07-14T07:00:00Z
691,박봄,Don`t Cry (Digital Single),201118,2009-10-28T07:00:00Z
714,씨스타19,Ma Boy,201120,2011-05-03T07:00:00Z
719,토이 (Toy),A Night In Seoul,201120,1994-10-01T07:00:00Z
716,BMK,Soul Food,201120,2005-01-13T08:00:00Z
729,김연우,`나는 가수다` 경연 3-1 (내가 부르고싶은 남의노래),201121,1998-01-01T08:00:00Z
736,써니힐 (SunnyHill),최고의 사랑 OST Part 3,201122,2007-09-20T07:00:00Z
750,옥주현,`나는 가수다` 경연 4-1. (내가 좋아하는 뮤지션의 곡 부르기),201124,2003-06-02T07:00:00Z
770,JK 김동욱,`나는 가수다` 경연 5-2. 청중 평가단 추천곡,201126,2002-05-18T07:00:00Z
806,센치한 하하,무한도전 서해안 고속도로 가요제,201129,2011-07-02T07:00:00Z
804,파리돼지앵,무한도전 서해안 고속도로 가요제,201129,2011-07-02T07:00:00Z
805,스윗 콧소로우,무한도전 서해안 고속도로 가요제,201129,2011-07-02T07:00:00Z
800,GG,무한도전 서해안 고속도로 가요제,201129,2013-04-19T07:00:00Z
802,바닷길,무한도전 서해안 고속도로 가요제,201129,2011-07-02T07:00:00Z
801,처진 달팽이,무한도전 서해안 고속도로 가요제,201129,2012-07-06T07:00:00Z
803,철싸,무한도전 서해안 고속도로 가요제,201129,2011-07-02T07:00:00Z
815,김조한,`나는 가수다` 경연 6-1. 이 무대에서 도전하고 싶은 노래,201130,1998-07-04T07:00:00Z
838,애프터스쿨 RED,The 4Th Single Album - Red,201132,2011-07-20T07:00:00Z
833,장혜진,`나는 가수다` 경연 6-2. 청중 평가단 추천곡,201132,1991-09-01T07:00:00Z
836,리쌍,Grand Final,201132,2002-06-27T07:00:00Z
845,자우림,`나는 가수다` 경연 7-1. 내가 부르고 싶은 노래,201133,1997-11-01T08:00:00Z
852,김준수,여인의 향기 OST Part 2,201134,2011-08-05T07:00:00Z
858,써니힐 (Sunny Hill),기도,201134,2007-09-20T07:00:00Z
862,10cm,안아줘요,201135,2010-08-04T07:00:00Z
868,Dal★Shabet (달샤벳),Bling Bling,201135,2011-04-11T07:00:00Z
878,인순이,17집,201136,1980-01-01T08:00:00Z
886,버벌진트 (Verbal Jint),Go Easy,201137,2001-07-13T07:00:00Z
889,윤민수,`나는 가수다` 경연 8-1 `자문위원단이 추천한 명곡30`,201137,2013-08-13T07:00:00Z
909,브라운 아이드 걸스,Sixth Sense,201139,2006-03-02T08:00:00Z
915,유브이 (UV),Who am I,201140,2010-04-16T07:00:00Z
929,양요섭,포세이돈 OST Part 1,201141,1993-02-08T08:00:00Z
922,인피니트 (Infinite),정규 1집 스페셜 리패키지 `Paradise`,201141,2010-06-09T07:00:00Z
936,김경호,`나는 가수다` 경연 9-2. 조용필 스페셜,201142,1994-10-10T07:00:00Z
932,울랄라세션,슈퍼스타K3 TOP 11 Part 1,201142,2011-10-31T07:00:00Z
931,투개월,슈퍼스타K3 TOP 11 Part 1,201142,2011-10-31T07:00:00Z
930,버스커 버스커 (Busker Busker),슈퍼스타K3 TOP 11 Part 1,201142,2011-10-31T07:00:00Z
948,타블로 (에픽하이),Airbag,201143,2011-10-21T07:00:00Z
949,Simon D. (사이먼 디),Simon Dominic Presents `SNL League Begins`,201143,1993-02-08T08:00:00Z
964,윤미래,Get It In (The Creators Project) (Digital Single),201145,2001-08-21T07:00:00Z
962,타블로,"열꽃, Part 1",201145,2011-10-21T07:00:00Z
961,노을,그리움,201145,2002-12-16T08:00:00Z
980,원더걸스 (Wonder girls),Wonder World,201147,2007-02-13T08:00:00Z
994,김동률,KimdongrYULE,201148,1998-12-01T08:00:00Z
1003,다이나믹 듀오 (Dynamic Duo),Dynamicduo 6th Digilog 1/2,201149,2004-05-17T07:00:00Z
1006,수지,나도 꽃 OST Part 2,201149,1993-02-08T08:00:00Z
1021,트러블메이커 (Trouble Maker),Trouble Maker,201151,2011-12-01T08:00:00Z
1033,알리 (ALi),Soul-Ri : 영혼이 있는 마을,201152,1993-02-08T08:00:00Z
1049,제아,빠담빠담 OST Part 2,201153,2008-05-16T07:00:00Z
1054,영준 (브라운아이드소울),꽃보다 그대가 (Digital Single),201201,2010-09-06T07:00:00Z
1074,유재석,무한도전 나름 가수다,201203,1993-02-08T08:00:00Z
1078,원티드 (Wanted),Like You (Feat. 아이유),201203,2010-01-01T08:00:00Z
1075,하하,무한도전 나름 가수다,201203,1993-02-08T08:00:00Z
1070,정준하,무한도전 나름 가수다,201203,2009-07-21T07:00:00Z
1077,정형돈,무한도전 나름 가수다,201203,2011-02-20T08:00:00Z
1076,길 (리쌍),무한도전 나름 가수다,201203,2006-12-22T08:00:00Z
1086,린 (LYn),해를 품은 달 OST Part 2,201204,2002-11-22T08:00:00Z
1088,효린,사랑을 보다2 OST,201204,2012-01-19T08:00:00Z
1099,틴 탑 (Teen Top),It`s,201205,1993-02-08T08:00:00Z
1107,미료 (브라운아이드걸스),MIRYO aka JOHONEY,201206,1993-02-08T08:00:00Z
1117,용준형,너 없이 사는 것도 (Digital Single),201207,1993-02-08T08:00:00Z
1115,나윤권,겁이나서,201207,1993-02-08T08:00:00Z
1126,에일리 (Ailee),Heaven,201208,2012-02-09T08:00:00Z
1124,이영현,`나는 가수다` 경연 15-2 `내게 특별한 사람의 추천곡`,201208,1993-02-08T08:00:00Z
1139,이승철,신들의 만찬 OST Part 1,201209,1989-11-01T08:00:00Z
1188,박지민,SBS K팝 스타 Top 7,201214,1993-02-08T08:00:00Z
1189,신화,10집 The Return,201214,1993-02-08T08:00:00Z
1184,용감한 녀석들,용감한 녀석들,201214,1993-02-08T08:00:00Z
1202,넬 (Nell),Slip Away,201216,1993-02-08T08:00:00Z
1233,아이비 (Ivy),INTERVIEW,201219,1993-02-08T08:00:00Z
1239,블락비 (Block B),`Welcome To The BLOCK` Repackage,201219,2011-04-14T07:00:00Z
1230,소녀시대-태티서(Girls` Generation-TTS),`Twinkle` Mini Album,201219,2012-04-30T07:00:00Z
1277,형돈이와 대준이,껭스타랩 볼륨1,201223,1993-02-08T08:00:00Z
1309,신보라,유령 OST Part 2,201226,1993-02-08T08:00:00Z
1333,이종현(CNBLUE),신사의 품격 OST Part 5,201229,1993-02-08T08:00:00Z
1337,주니엘 (JUNIEL),My First June,201229,1993-02-08T08:00:00Z
1418,어반 자카파 (Urban Zakapa),니가 싫어,201237,2009-07-02T07:00:00Z
1421,백아연,I`m Baek,201238,2012-04-08T07:00:00Z
1430,나얼,Principle Of My Soul,201239,2005-01-08T08:00:00Z
1447,XIA(준수),세상 어디에도 없는 착한남자 OST Part 1,201240,2010-10-14T07:00:00Z
1472,Miss A,Independent Women Part Ⅲ,201243,1993-02-08T08:00:00Z
1474,유승우,슈퍼스타K 4 TOP12 Part 1,201243,1993-02-08T08:00:00Z
1489,로이킴,슈퍼스타K4 TOP12 Part 2,201244,2012-11-12T08:00:00Z
1490,이하이,"1,2,3,4 (원,투,쓰리,포)",201245,2012-03-21T07:00:00Z
1495,프라이머리 (Primary),Primary And The Messengers LP,201245,2008-03-20T07:00:00Z
1516,박보영,늑대소년 OST,201247,2015-07-31T07:00:00Z
1517,비원에이포 (B1A4),B1A4 The 3rd Mini Album (In The Wind),201247,2011-04-21T07:00:00Z
1513,정준영,슈퍼스타K4 TOP12 Part 5,201247,2010-09-30T07:00:00Z
1526,C-Clown (씨클라운),Young Love,201248,2012-07-19T07:00:00Z
1531,AKMU (악뮤),SBS K팝 스타 시즌2 `다리꼬지마`,201249,2012-11-25T08:00:00Z
1539,뚱스,쩔어,201249,2012-11-26T08:00:00Z
1594,버벌진트 (Verbla Jint),시작이 좋아,201303,2001-07-13T07:00:00Z
1607,김재중 (JYJ),I,201304,2010-10-14T07:00:00Z
1600,배치기,4집 Part 2,201304,2012-04-12T07:00:00Z
1604,인피니트H,Fly High,201304,2013-01-11T08:00:00Z
1617,포미닛 투윤 (2Yoon),Harvest Moon,201305,2013-01-17T08:00:00Z
1637,라디 (Ra. D),오랜만이죠,201307,2002-09-18T07:00:00Z
1712,긱스 (Geeks),어때,201315,2011-09-03T07:00:00Z
1729,홍대광,멀어진다,201316,2012-11-12T08:00:00Z
1728,자이언티(Zion.T),Red Light,201316,2011-04-29T07:00:00Z
1731,조용필,Bounce,201317,1972-02-25T08:00:00Z
1751,포미닛 (4Minute),Name Is 4Minute,201319,2009-04-16T07:00:00Z
1793,CL (2NE1),나쁜 기집애,201323,2009-03-27T07:00:00Z
1809,EXO,The 1st Album XOXO (Kiss & Hug),201324,2012-01-30T08:00:00Z
1801,범키,미친연애,201324,2012-07-05T07:00:00Z
1821,림킴 (김예림),A Voice,201326,2013-06-17T07:00:00Z
1825,최진혁,구가의 서 OST Special,201326,2011-01-17T08:00:00Z
1852,에이핑크 (Apink),Secret Garden,201329,2011-04-19T07:00:00Z
1863,유성은,Be OK,201330,2012-07-12T07:00:00Z
1877,크레용팝 (Crayon Pop),빠빠빠,201331,2012-07-18T07:00:00Z
1889,산이 (San E),아는사람 얘기,201332,2010-09-13T07:00:00Z
1909,투빅 (2BiC),굿닥터 OST Part 2,201334,2012-03-14T07:00:00Z
1908,스윙스 (Swings),A Real Lady,201334,2010-11-03T07:00:00Z
1929,스피카 (SPICA),Tonight,201336,2012-01-10T08:00:00Z
1921,선미,24시간이 모자라,201336,2013-08-26T07:00:00Z
1969,임창정,나란놈이란,201340,1997-05-16T07:00:00Z
1993,케이윌 (K.will),Will In Fall,201343,2005-11-10T08:00:00Z
1992,김진호,불후의 명곡 - 전설을 노래하다 (추모연가7편),201343,2013-02-14T08:00:00Z
2001,박지윤,미스터 (Mr.),201344,1998-11-11T08:00:00Z
2016,창민 (2am),상속자들 OST Part 3,201345,2011-02-07T08:00:00Z
2019,형용돈죵 (정형돈 & G-DRAGON),무한도전 자유로 가요제,201345,1993-02-08T08:00:00Z
2017,WIN,Final Battle,201345,2015-12-21T08:00:00Z
2023,장미하관 (노홍철 & 장미여관),무한도전 자유로 가요제,201346,1993-02-08T08:00:00Z
2029,G.A.B (길 & BoA),무한도전 자유로 가요제,201346,1993-02-08T08:00:00Z
2025,병살 (정준하 & 김C),무한도전 자유로 가요제,201346,1993-02-08T08:00:00Z
2024,무한도전,무한도전 자유로 가요제,201346,2006-12-22T08:00:00Z
2022,하우두유둘 (유재석 & 유희열),무한도전 자유로 가요제,201346,1993-02-08T08:00:00Z
2027,세븐티핑거스 (하하 & 장기하와 얼굴들),무한도전 자유로 가요제,201346,1993-02-08T08:00:00Z
2041,이적,고독의 의미,201348,1999-05-31T07:00:00Z
2056,빅스 (VIXX),VOODOO,201349,2012-05-24T07:00:00Z
2054,하이니 (Hi.ni),응답하라 1994 OST Part 4,201349,1993-02-08T08:00:00Z
2068,이해리,불후의 명곡2 &#8211; 전설을 노래하다 (박상민편),201350,1993-02-08T08:00:00Z
2079,디아 (DIA),응답하라 1994 OST Part 6,201351,2025-02-13T08:00:00Z
2080,빈지노 (Beenzino),"Dali, Van, Picasso",201352,2011-07-21T07:00:00Z
2099,고아라,응답하라 1994 OST Part 8,201401,1993-02-08T08:00:00Z
2100,엠씨더맥스 (M.C The Max),UNVEILING,201402,2003-12-12T08:00:00Z
2114,케이윌(K.will),별에서 온 그대 OST Part 2,201403,1993-02-08T08:00:00Z
2120,Gary (개리),MR.GAE,201404,2011-08-08T07:00:00Z
2147,AOA,짧은 치마,201406,2012-07-30T07:00:00Z
2155,B.A.P,First Sensibility,201407,2012-01-26T08:00:00Z
2162,S.M. THE BALLAD,S.M. THE BALLAD Vol. 2 `Breath` 숨소리,201408,1993-02-08T08:00:00Z
2199,권진아,K팝 스타 시즌3 TOP 10 Part 1,201411,1993-02-08T08:00:00Z
2208,투하트 (우현&키),1st Mini Album,201412,2010-09-30T07:00:00Z
2213,로꼬 (LOCO),감아,201413,1993-02-08T08:00:00Z
2223,이선희,(SERENDIPITY) 30주년 기념앨범,201414,1985-10-01T07:00:00Z
2220,브로(Bro),그런 남자,201414,2014-03-21T07:00:00Z
2233,매드 클라운 (Mad Clown),표독,201415,2008-10-22T07:00:00Z
2237,크러쉬 (CRUSH),가끔,201415,1993-02-08T08:00:00Z
2253,박시환,Spring Awakening,201417,1993-02-08T08:00:00Z
2276,에디킴,너 사용법,201419,1993-02-08T08:00:00Z
2281,EXO-K,The 2nd Mini Album ‘중독 (Overdose)’,201420,2012-01-30T08:00:00Z
2280,god,미운오리새끼,201420,1999-01-01T08:00:00Z
2285,정기고 (Junggigo),Want U,201420,2008-12-22T08:00:00Z
2298,전효성,TOP SECRET,201421,1993-02-08T08:00:00Z
2300,플라이 투 더 스카이 (Fly To The Sky),CONTINUUM,201422,1999-12-14T08:00:00Z
2318,유나킴,Love Me Love,201423,2014-05-23T07:00:00Z
2344,다이나믹 듀오(Dynamic Duo),CustoMIC Prologue,201426,2004-05-17T07:00:00Z
2388,스윙스(Swings),감정기복 II part. 2 : 강박증 (Obsessive Compulsive Disorder),201430,1993-02-08T08:00:00Z
2381,박명수,명수네 떡볶이,201430,1993-02-08T08:00:00Z
2385,빈지노(Beenzino),Up All Night,201430,2010-11-29T08:00:00Z
2398,첸 (CHEN),괜찮아 사랑이야 OST Part 1,201431,2020-10-13T07:00:00Z
2414,레드벨벳(Red Velvet),The 1st Single `행복 (Happiness)`,201433,2014-08-04T07:00:00Z
2418,박보람,예뻐졌다,201433,2010-12-24T08:00:00Z
2420,위너(WINNER),2014 S/S,201434,2014-08-12T07:00:00Z
2424,B.I,쇼미더머니3 Part 1,201434,1993-02-08T08:00:00Z
2434,태민 (TAEMIN),The 1st Mini Album `ACE`,201435,1993-02-08T08:00:00Z
2430,장범준,장범준 1집,201435,2014-08-19T07:00:00Z
2446,바비 (BOBBY),쇼미더머니3 BOBBY vs 올티,201436,1993-02-08T08:00:00Z
2454,아이언,쇼미더머니3 씨잼 vs 아이언,201437,2014-08-08T07:00:00Z
2452,레이디스 코드 (LADIES` CODE),Code#2 Pretty Pretty,201437,1993-02-08T08:00:00Z
2460,포스트맨 (Postmen),신촌을 못가,201438,2011-06-17T07:00:00Z
2511,개코,REDINGRAY,201443,1993-02-08T08:00:00Z
2516,서태지,Quiet Night,201443,1993-02-08T08:00:00Z
2538,윤현상,피아노포르테 (Pianoforte),201445,1993-02-08T08:00:00Z
2536,이승환,Hwantastic,201445,1993-02-08T08:00:00Z
2550,HI SUHYUN,나는 달라,201447,2014-11-11T08:00:00Z
2551,규현 (KYUHYUN),The 1st Mini Album `광화문에서 (At Gwanghwamun)`,201447,1993-02-08T08:00:00Z
2564,GD X TAEYANG,GOOD BOY,201448,1993-02-08T08:00:00Z
2572,이진아,K팝 스타 시즌4 `시간아 천천히`,201449,1993-02-08T08:00:00Z
2576,EXID,위아래,201449,2012-02-16T08:00:00Z
2587,MASTA WU,이리와봐,201450,2003-06-20T07:00:00Z
2590,정승환,K팝 스타 시즌4 `사랑에 빠지고 싶다`,201451,2015-04-12T07:00:00Z
2615,비투비 (BTOB),The Winter`s Tale,201501,1993-02-08T08:00:00Z
2636,엄정화,Invitation,201503,1993-02-08T08:00:00Z
2630,종현 (JONGHYUN),The 1st Mini Album `BASE`,201503,2013-04-12T07:00:00Z
2637,지누션,노라보세,201503,1993-02-08T08:00:00Z
2658,G.Soul,Coming Home,201505,2018-12-11T08:00:00Z
2688,지코 (ZICO),Well Done,201508,2014-08-07T07:00:00Z
2695,니엘 (NIEL),NIEL 1ST SOLO `oNIELy`,201509,2012-12-26T08:00:00Z
2701,빅스(VIXX),Boys` Record,201510,2012-05-24T07:00:00Z
2714,케이티 김,K팝 스타 시즌4 TOP10 Part 1,201511,2015-04-01T07:00:00Z
2737,치타 (CHEETAH),언프리티 랩스타 SEMI FINAL,201513,2014-06-27T07:00:00Z
2765,이문세,NEW DIRECTION,201516,1982-01-01T08:00:00Z
2775,블락비 바스타즈,품행제로,201517,2015-04-14T07:00:00Z
2786,백현 (BAEKHYUN),우리 옆집에 EXO가 산다 OST,201518,2015-04-22T07:00:00Z
2794,방탄소년단,화양연화 pt.1,201519,2013-06-12T07:00:00Z
2812,김성규,2nd Mini Album `27`,201521,2012-11-19T08:00:00Z
2867,육성재,후아유 - 학교 2015 OST Part 8,201526,2014-09-25T07:00:00Z
2872,마마무 (Mamamoo),Pink Funky,201527,2014-02-11T08:00:00Z
2892,혁오 (hyukoh),22,201529,2014-09-18T07:00:00Z
2941,사이먼 도미닉 (Simon Dominic),사이먼 도미닉,201534,2011-09-05T07:00:00Z
2966,MINO (송민호),쇼미더머니 4 Episode 5,201536,2014-03-25T07:00:00Z
2987,여자친구 (GFRIEND),2nd Mini Album `Flower Bud`,201538,2015-01-15T08:00:00Z
2990,iKON,WELCOME BACK,201539,2015-10-28T07:00:00Z
3002,박경,보통연애,201540,2015-09-21T07:00:00Z
3018,GOT7,MAD,201541,2014-01-20T08:00:00Z
3086,오혁,응답하라 1988 OST Part 3,201548,2015-03-24T07:00:00Z
3093,김필,응답하라 1988 OST Part 1,201549,2011-08-30T07:00:00Z
3106,백예린,FRANK,201550,2015-04-01T07:00:00Z
3130,터보,AGAIN (다시),201553,1995-01-01T08:00:00Z
3147,소진 (걸스데이),응답하라 1988 OST Part 8,201601,2010-07-09T07:00:00Z
3141,김나영,어땠을까,201601,2013-09-16T07:00:00Z
3157,기현(Kihyun),응답하라 1988 OST Part 9,201602,2015-09-30T07:00:00Z
3165,여은,응답하라 1988 OST Part 10,201603,2015-08-16T07:00:00Z
3179,TWICE,THE STORY BEGINS,201604,2015-10-20T07:00:00Z
3228,PRODUCE 101,PRODUCE 101 - PICK ME,201609,2015-12-17T08:00:00Z
3234,신지민,야 하고 싶어,201610,2018-01-19T08:00:00Z
3267,소녀온탑,PRODUCE 101 - 35 Girls 5 Concepts,201613,2016-06-14T07:00:00Z
3300,정은지,Dream,201617,2012-03-14T07:00:00Z
3316,러블리즈,A New Trilogy,201618,2014-11-17T08:00:00Z
3328,아이오아이 (I.O.I),아이오아이 (I.O.I) 1st Mini Album `Chrysalis`,201619,2016-04-05T07:00:00Z
3339,티파니 (TIFFANY),I Just Wanna Dance - The 1st Mini Album,201620,1987-01-01T08:00:00Z
3343,Jessica (제시카),"With Love, J",201621,2010-10-13T07:00:00Z
3347,벤 (Ben),또 오해영 OST Part 2,201621,2012-04-03T07:00:00Z
3354,도끼 (Dok2),1llusion,201622,2008-12-31T08:00:00Z
3379,하현우,복면가왕 62회,201624,2015-03-23T07:00:00Z
3403,언니쓰,언니들의 슬램덩크,201627,2017-05-12T07:00:00Z
3411,비와이(BewhY),쇼미더머니 5 Episode 3,201628,2014-06-23T07:00:00Z
3414,보이비 (Boi B),쇼미더머니 5 Episode 3,201628,2011-05-26T07:00:00Z
3424,샵건 (#Gun),쇼미더머니 5 Episode 4,201629,2016-07-29T07:00:00Z
3427,씨잼(Cjamm),쇼미더머니 5 Episode 4,201629,2013-05-28T07:00:00Z
3438,헤이즈 (Heize),And July,201630,2014-01-17T08:00:00Z
3449,수퍼비 (SUPERBEE),냉탕에 상어,201631,2015-11-13T08:00:00Z
3450,스탠딩 에그(Standing Egg),여름밤에 우린,201632,2010-11-25T08:00:00Z
3460,BLACKPINK,SQUARE ONE,201633,2016-08-08T07:00:00Z
3481,한동근,이 소설의 끝을 다시 써보려 해,201635,2012-11-14T08:00:00Z
3522,볼빨간사춘기,Full Album RED PLANET,201639,2014-12-05T08:00:00Z
3540,젝스키스,세 단어,201641,1997-05-14T07:00:00Z
3552,박보검,구르미 그린 달빛 OST Part 11,201642,2016-10-11T07:00:00Z
3583,EXO-CBX (첸백시),Hey Mama! - The 1st Mini Album,201645,2016-10-31T07:00:00Z
3611,세정,Jelly box 꽃길 (Prod. By 지코(ZICO)) 세정,201648,2016-11-23T08:00:00Z
3662,샘김,도깨비 OST Part 6,201653,2014-02-16T08:00:00Z
3674,소유 (SOYOU),도깨비 OST Part 7,201701,2012-11-01T07:00:00Z
3676,유재석 X 도끼 (Dok2),무한도전 위대한 유산,201701,1993-02-08T08:00:00Z
3678,정준일,도깨비 OST Part 8,201701,2011-05-31T07:00:00Z
3670,황광희 X 개코,무한도전 위대한 유산,201701,2011-08-19T07:00:00Z
3672,하하 X MINO,무한도전 위대한 유산,201701,1993-02-08T08:00:00Z
3701,다이나믹 듀오 (Dynamic Duo) & 첸 (CHEN),Mixxxture Project Vol.1,201704,2004-05-17T07:00:00Z
3737,DEAN,limbo,201707,2015-07-07T07:00:00Z
3748,CHEEZE (치즈),좋아해 (bye),201708,2013-04-16T07:00:00Z
3764,정키 (Jung Key),EMPTY,201710,2011-10-07T07:00:00Z
3775,하이라이트(Highlight),CAN YOU FEEL IT?,201711,2017-03-13T07:00:00Z
3786,헨리 (Henry),그리워요 (Girlfriend),201712,2015-06-01T07:00:00Z
3809,최하민(Osshun Gum),고등래퍼 FINAL,201714,1993-02-08T08:00:00Z
3833,수란 (SURAN),WINE,201717,2015-11-24T08:00:00Z
3891,국민의 아들,PRODUCE 101 - 35 Boys 5 Concepts,201723,2025-07-25T07:00:00Z
3899,Knock,PRODUCE 101 - 35 Boys 5 Concepts,201723,1993-02-08T08:00:00Z
3896,슬레이트,PRODUCE 101 - 35 Boys 5 Concepts,201723,1993-02-08T08:00:00Z
3907,태일,태일X세정 Single `좋아한다 안 한다`,201724,1993-02-08T08:00:00Z
3915,황치열,Be ordinary,201725,1993-02-08T08:00:00Z
3961,뉴이스트 W,NU`EST W `있다면`,201730,2012-03-15T07:00:00Z
3975,버즈 (Buzz),`Be One` - Buzz The 1st Mini Album,201731,2003-10-10T07:00:00Z
3980,Wanna One (워너원),1X1=1(TO BE ONE),201732,2017-08-08T07:00:00Z
3991,윤종신,LISTEN 010 좋니,201733,1992-10-01T07:00:00Z
3997,킬라그램 (Killagramz),쇼미더머니 6 Episode 2,201733,1993-02-08T08:00:00Z
4015,넉살,쇼미더머니 6 Episode 4,201735,1993-02-08T08:00:00Z
4012,행주,쇼미더머니 6 Episode 4,201735,1993-02-08T08:00:00Z
4020,우원재,시차 (We Are),201736,2017-09-05T07:00:00Z
4082,멜로망스(Melomance),Moonlight,201742,1993-02-08T08:00:00Z
4159,펀치 (Punch),밤이 되니까,201749,2014-01-07T08:00:00Z
4177,문문 (MoonMoon),LIFE IS BEAUTY FULL,201751,1993-02-08T08:00:00Z
4194,장덕철,그날처럼,201801,2015-01-13T08:00:00Z
4229,청하,Offset,201804,2016-08-29T07:00:00Z
4243,모모랜드 (MOMOLAND),GREAT!,201806,1993-02-08T08:00:00Z
4332,닐로 (Nilo),About You,201815,2015-09-14T07:00:00Z
4349,이병재 (Vinxen),고등래퍼2 Final,201816,1993-02-08T08:00:00Z
4342,김하온 (HAON),고등래퍼2 Final,201816,1993-02-08T08:00:00Z
4418,Wanna One (워너원) - 더힐,1÷χ=1 (UNDIVIDED),201823,1993-02-08T08:00:00Z
4415,Wanna One (워너원) - 트리플포지션,1÷χ=1 (UNDIVIDED),201823,1993-02-08T08:00:00Z
4429,폴킴,`키스 먼저 할까요?` OST Part 3,201824,2013-10-12T07:00:00Z
4470,숀 (SHAUN),Take,201829,2015-09-17T07:00:00Z
4527,i-dle (아이들),한(一),201834,2018-05-02T07:00:00Z
4547,소녀시대-Oh!GG,몰랐니 - The 1st Single Album,201836,1993-02-08T08:00:00Z
4589,박원,r,201840,1993-02-08T08:00:00Z
4602,양다일,고백,201842,1993-02-08T08:00:00Z
4617,루피(Loopy),쇼미더머니 777 Episode 3,201843,1993-02-08T08:00:00Z
4640,제니 (JENNIE),SOLO,201846,2018-11-12T08:00:00Z
4697,하은,신용재,201851,2010-11-29T08:00:00Z
4759,윤건,너도 그냥 날 놓아주면 돼,201905,1993-02-08T08:00:00Z
4750,우디(Woody),이 노래가 클럽에서 나온다면,201905,2017-07-20T07:00:00Z
4771,화사 (HWASA),멍청이(twit),201907,2014-08-29T07:00:00Z
4774,ITZY (있지),IT`z Different,201907,1993-02-08T08:00:00Z
4790,엔플라잉 (N.Flying),FLY HIGH PROJECT #2 `옥탑방`,201909,2014-01-01T00:00:00Z
4794,케이시 (Kassy),그때가 좋았어,201909,1993-02-08T08:00:00Z
4862,잔나비,전설,201916,2014-04-28T07:00:00Z
4899,임재현,사랑에 연습이 있었다면,201919,2018-06-26T07:00:00Z
4957,송하예,니 소식,201925,2013-04-18T07:00:00Z
4979,황인욱,포장마차,201927,1993-02-08T08:00:00Z
4978,도경수(D.O.),괜찮아도 괜찮아 (That`s okay) - SM STATION,201927,1993-02-08T08:00:00Z
4999,마크툽 (Maktub),Red Moon : To You My Light,201929,1993-02-08T08:00:00Z
5067,HYNN(박혜원),시든 꽃에 물을 주듯,201936,1993-02-08T08:00:00Z
5065,휘인 (Whee In),soar,201936,1993-02-08T08:00:00Z
5118,전상근,사랑이란 멜로는 없어,201941,1993-02-08T08:00:00Z
5214,창모 (CHANGMO),Boyhood,201951,2015-05-26T07:00:00Z
5302,IZ*ONE (아이즈원),BLOOM*IZ,202008,1993-02-08T08:00:00Z
5327,가호 (Gaho),이태원 클라쓰 OST Part.2,202010,2018-05-03T07:00:00Z
5356,강다니엘,CYAN,202013,2019-07-25T07:00:00Z
5366,수호 (SUHO),자화상 - The 1st Mini Album,202014,1993-02-08T08:00:00Z
5368,조정석,슬기로운 의사생활 OST Part 3,202014,2013-06-28T07:00:00Z
5399,조이 (JOY),슬기로운 의사생활 OST Part 2,202017,1991-03-04T08:00:00Z
5401,오마이걸 (OH MY GIRL),NONSTOP,202018,2015-04-20T07:00:00Z
5425,뉴이스트 (NU`EST),The 8th Mini Album `The Nocturne`,202020,1993-02-08T08:00:00Z
5434,NCT 127,NCT #127 Neo Zone The Final Round  The 2nd Album Repackage,202021,2016-07-10T07:00:00Z
5440,전미도,슬기로운 의사생활 OST Part 11,202022,2020-05-22T07:00:00Z
5455,미도와 파라솔,슬기로운 의사생활 OST Part 12,202023,2020-05-15T07:00:00Z
5470,블루 (BLOO),Downtown Baby,202025,2016-06-18T07:00:00Z
5487,세븐틴,7th Mini Album `헹가래`,202026,2015-05-29T07:00:00Z
5507,레드벨벳-아이린&슬기,Monster - The 1st Mini Album,202028,2014-08-04T07:00:00Z
5545,비룡,두리쥬와 X LINDA X 신난다,202032,1968-11-12T08:00:00Z
5543,린다G,두리쥬와 X LINDA X 신난다,202032,2022-10-21T07:00:00Z
5555,제시(Jessi),NUNA,202033,2000-01-01T00:00:00Z
5586,산들,취기를 빌려 (취향저격 그녀 X 산들) OST,202036,2014-04-08T07:00:00Z
5640,환불원정대,DON`T TOUCH ME,202042,2020-10-10T07:00:00Z
5676,임영웅,HERO,202045,2018-08-20T07:00:00Z
5708,경서,밤하늘의 별을(2020),202048,2016-07-31T07:00:00Z
5721,릴보이 (lIlBOI),쇼미더머니 9 Episode 3,202050,2012-01-26T08:00:00Z
5724,미란이 (Mirani),쇼미더머니 9 Episode 3,202050,2020-04-24T07:00:00Z
5837,온앤오프 (ONF),ONF: MY NAME,202109,2017-08-02T07:00:00Z
5841,브레이브걸스 (Brave Girls),Rollin`,202110,2011-08-26T07:00:00Z
5858,송이한,밝게 빛나는 별이 되어 비춰줄게,202111,2019-03-25T07:00:00Z
5863,로제 (ROSE),R,202112,2021-03-12T08:00:00Z
5940,NCT DREAM,맛 (Hot Sauce) - The 1st Album,202120,2016-08-27T07:00:00Z
5957,aespa,Next Level,202121,2020-11-17T08:00:00Z
5958,라붐 (LABOUM),Fresh Adventure,202121,2014-08-28T07:00:00Z
5978,STAYC(스테이씨),STAYDOM,202123,2020-11-12T08:00:00Z
6009,이무진,슬기로운 의사생활 시즌2 OST Part 1,202126,2020-11-24T08:00:00Z
6010,MSG워너비(M.O.M),MSG워너비 1집,202127,2022-02-26T08:00:00Z
6011,MSG워너비(정상동기),MSG워너비 1집,202127,2021-05-22T07:00:00Z
6063,아스트로(ASTRO),SWITCH ON,202132,2016-02-23T08:00:00Z
6079,더보이즈(THE BOYZ),6TH MINI ALBUM [THRILL-ING],202133,2017-12-06T08:00:00Z
6089,전소미,DUMB DUMB,202134,2016-08-29T07:00:00Z
6210,sokodomo,쇼미더머니 10 Episode 2,202147,2019-01-14T08:00:00Z
6220,BE`O (비오),쇼미더머니 10 Episode 3,202148,2020-08-26T07:00:00Z
6222,베이식(Basick),쇼미더머니 10 Episode 3,202148,2008-03-18T07:00:00Z
6229,쿤타 (Koonta),쇼미더머니 10 Episode 3,202148,2006-09-21T07:00:00Z
6233,Mudd the student,쇼미더머니 10 Semi Final,202149,2019-12-03T08:00:00Z
6245,IVE (아이브),ELEVEN,202150,2021-12-01T08:00:00Z
6285,김민석,취중고백,202202,2018-01-28T08:00:00Z
6317,GOT the beat,Step Back,202205,2022-01-03T08:00:00Z
6326,탑현,호랑수월가,202206,2020-09-25T07:00:00Z
6348,YENA(최예나),SMiLEY,202208,2022-01-17T08:00:00Z
6469,BIG Naughty (서동현),정이라고 하자,202220,2018-07-30T07:00:00Z
6508,LE SSERAFIM (르세라핌),FEARLESS,202224,2022-05-02T07:00:00Z
6541,나연 (TWICE),IM NAYEON,202228,2015-10-20T07:00:00Z
6554,WSG워너비 (오아시소),WSG워너비 1집,202229,2022-06-04T07:00:00Z
6550,WSG워너비 (가야G),WSG워너비 1집,202229,2023-03-17T07:00:00Z
6551,WSG워너비 (4FIRE),WSG워너비 1집,202229,2022-12-16T08:00:00Z
6591,NewJeans,1st EP `New Jeans`,202233,2022-08-01T07:00:00Z
6689,테이 (Tei),Monologue,202242,2004-01-02T08:00:00Z
6783,이영지,쇼미더머니 11 Episode 3,202252,2019-06-02T07:00:00Z
6854,부석순 (SEVENTEEN),1st Single Album `SECOND WIND`,202306,2018-03-21T07:00:00Z
6878,이찬원,ONE,202308,2020-05-28T07:00:00Z
6896,온유 (ONEW),Circle - The 1st Album,202310,2008-09-02T07:00:00Z
6906,DK,심(心),202311,2017-08-09T07:00:00Z
6916,Zior Park,WHERE DOES SASQUATCH LIVE? PART 1,202312,2018-11-01T07:00:00Z
6937,지민,FACE,202314,2018-12-31T08:00:00Z
6931,지수 (JISOO),ME,202314,1993-02-08T08:00:00Z
6953,NCT 도재정,Perfume - The 1st Mini Album,202316,2023-04-17T07:00:00Z
6988,FIFTY FIFTY,The Beginning: Cupid,202319,2022-11-18T08:00:00Z
7057,박재정,1집 Alone,202326,1959-01-01T00:00:00Z
7079,정국,Seven - Clean Ver.,202328,2016-10-27T07:00:00Z
7255,Stray Kids (스트레이 키즈),樂-STAR,202346,2018-01-08T08:00:00Z
7286,범진,인사,202349,2018-06-03T07:00:00Z
7295,PLAVE,Merry PLLIstmas,202350,2023-03-12T08:00:00Z
7308,너드커넥션 (Nerd Connection),그대만 있다면 (여름날 우리 X 너드커넥션 (Nerd Connection)) OST,202351,2001-08-06T07:00:00Z
7348,RIIZE,Love 119,202403,1993-02-08T08:00:00Z
7379,TWS (투어스),1st Mini Album `Sparkling Blue`,202406,2024-01-02T08:00:00Z
7390,비비(BIBI),밤양갱,202408,2017-12-01T08:00:00Z
7449,이창섭,천상연 (웹툰 `선녀외전` X 이창섭 (LEE CHANGSUB)) OST,202413,1993-02-08T08:00:00Z
7451,아일릿(ILLIT),SUPER REAL ME,202414,2024-03-25T07:00:00Z
7469,DAY6,The Book of Us : Gravity,202415,2015-09-07T07:00:00Z
7479,QWER,1st Mini Album `MANITO`,202416,2023-10-18T07:00:00Z
7484,도영 (DOYOUNG),청춘의 포말 (YOUTH) - The 1st Album,202417,1993-02-08T08:00:00Z
7499,BABYMONSTER,BABYMONS7ER,202418,1993-02-08T08:00:00Z
7525,이클립스,선재 업고 튀어 OST Part 1,202421,2024-04-08T07:00:00Z
7598,KISS OF LIFE,Sticky,202428,2023-07-05T07:00:00Z
7641,프로미스나인 (fromis_9),Supersonic,202433,2001-01-01T00:00:00Z
7663,재현 (JAEHYUN),J - The 1st Album,202435,1993-02-08T08:00:00Z
7701,키 (KEY),Pleasure Shop - The 3rd Mini Album,202439,1993-02-08T08:00:00Z
7785,황가람,나는 반딧불,202447,1993-02-08T08:00:00Z
7819,재쓰비 (JAESSBEE),너와의 모든 지금,202450,1993-02-08T08:00:00Z
7849,WOODZ (조승연),OO-LI,202501,2016-07-29T07:00:00Z
7878,BOYNEXTDOOR,오늘만 I LOVE YOU,202504,1993-02-08T08:00:00Z
7925,조째즈,모르시나요,202509,1993-02-08T08:00:00Z
8094,ALLDAY PROJECT,FAMOUS,202526,2025-06-23T07:00:00Z
8258,다영 (DAYOUNG),"gonna love me, right?",202542,1993-02-08T08:00:00Z
8261,NMIXX,Blue Valentine,202543,2022-02-22T08:00:00Z
8317,한로로,이상비행,202548,1993-02-08T08:00:00Z
8318,이찬혁,EROS,202548,1993-02-08T08:00:00Z
8392,카더가든,부재,202604,2013-09-30T07:00:00Z
8416,ATEEZ (에이티즈),GOLDEN HOUR : Part.4,202606,1993-02-08T08:00:00Z
8415,KiiiKiii (키키),Delulu Pack,202606,2025-02-24T08:00:00Z
