,artist,album,release_date
1,AKMU (악뮤),PLAY,2014-04-07T07:00:00Z
152,AKMU (악뮤),SPRING - EP,2016-05-04T07:00:00Z
217,AKMU (악뮤),WINTER,2017-01-03T08:00:00Z
89,AKMU (악뮤),SUMMER EPISODE - EP,2017-07-20T07:00:00Z
226,AKMU (악뮤),SAILING,2019-09-25T07:00:00Z
406,AKMU (악뮤),AKMU 'SAILING' TOUR LIVE,2020-07-03T07:00:00Z
159,AKMU (악뮤),NEXT EPISODE - EP,2021-07-26T07:00:00Z
468,AKMU (악뮤),LOVE EPISODE - EP,2024-06-03T07:00:00Z
206,ALLDAY PROJECT,ALLDAY PROJECT - EP,2025-12-08T08:00:00Z
121,BLACKPINK,SQUARE TWO - EP,2016-11-01T07:00:00Z
522,BLACKPINK,BLACKPINK - EP,2017-08-29T07:00:00Z
456,BLACKPINK,Re: BLACKPINK - EP,2018-03-28T07:00:00Z
496,BLACKPINK,SQUARE UP - EP,2018-06-15T07:00:00Z
4,BLACKPINK,BLACKPINK IN YOUR AREA,2018-12-05T08:00:00Z
521,BLACKPINK,"BLACKPINK ARENA TOUR 2018 ""SPECIAL FINAL IN KYOCERA DOME OSAKA""",2019-03-13T07:00:00Z
508,BLACKPINK,KILL THIS LOVE - EP,2019-04-05T07:00:00Z
387,BLACKPINK,BLACKPINK 2018 TOUR 'IN YOUR AREA' SEOUL (Live),2019-08-30T07:00:00Z
60,BLACKPINK,Kill This Love (Japan Version) - EP,2019-10-16T07:00:00Z
145,BLACKPINK,BLACKPINK 2019-2020 WORLD TOUR IN YOUR AREA - TOKYO DOME (Live),2020-05-14T07:00:00Z
394,BLACKPINK,THE ALBUM,2020-10-02T07:00:00Z
277,BLACKPINK,BLACKPINK 2021 'THE SHOW' LIVE,2021-06-01T07:00:00Z
327,BLACKPINK,BORN PINK,2022-09-16T07:00:00Z
44,BLACKPINK,DEADLINE - EP,2026-02-26T08:00:00Z
107,BLACKPINK,DEADLINE - EP,2026-02-27T08:00:00Z
372,C-Clown (씨클라운),Not Alone - EP,2012-07-19T07:00:00Z
375,C-Clown (씨클라운),Young Love,2012-11-15T08:00:00Z
298,C-Clown (씨클라운),Shaking Heart - EP,2013-04-18T07:00:00Z
239,C-Clown (씨클라운),Let's Love,2014-07-09T07:00:00Z
481,Dal★Shabet (달샤벳),Pink Rocket - EP,2011-04-11T07:00:00Z
183,Dal★Shabet (달샤벳),Bling Bling - EP,2011-08-11T07:00:00Z
308,Dal★Shabet (달샤벳),Hit U - EP,2012-01-27T08:00:00Z
191,Dal★Shabet (달샤벳),The 1st Album - Bang Bang,2012-06-06T07:00:00Z
345,Dal★Shabet (달샤벳),"The 5th Mini Album ( Have, Don’t Have! ) - EP",2012-11-13T08:00:00Z
378,Dal★Shabet (달샤벳),"The 7th Mini Album ""B.B.B"" - EP",2013-01-08T08:00:00Z
437,Dal★Shabet (달샤벳),Be Ambitious,2013-06-20T07:00:00Z
63,Dal★Shabet (달샤벳),Joker is Alive - EP,2015-04-15T07:00:00Z
69,Dal★Shabet (달샤벳),Naturalness,2016-01-05T08:00:00Z
238,Dal★Shabet (달샤벳),Fri. Sat. Sun - EP,2016-09-29T07:00:00Z
25,EXO-CBX (첸백시),Hey Mama! (The 1st Mini Album) - EP,2016-10-31T07:00:00Z
7,EXO-CBX (첸백시),GIRLS,2017-05-24T07:00:00Z
88,EXO-CBX (첸백시),Blooming Days - The 2nd Mini Album,2018-04-10T07:00:00Z
129,EXO-CBX (첸백시),MAGIC,2018-05-09T07:00:00Z
14,EXO-CBX (첸백시),"EXO-CBX ""MAGICAL CIRCUS"" 2019 -Special Edition- - EP",2019-08-21T07:00:00Z
424,IVE (아이브),I've IVE,2023-04-10T07:00:00Z
292,IVE (아이브),WAVE - EP,2023-05-31T07:00:00Z
6,IVE (아이브),I'VE MINE - EP,2023-10-13T07:00:00Z
399,IVE (아이브),IVE SWITCH - EP,2024-04-29T07:00:00Z
490,IVE (아이브),ALIVE - EP,2024-08-28T07:00:00Z
266,IVE (아이브),IVE EMPATHY - EP,2025-02-03T08:00:00Z
408,IVE (아이브),Be Alright - EP,2025-07-30T07:00:00Z
478,IVE (아이브),IVE SECRET - EP,2025-08-25T07:00:00Z
184,IVE (아이브),REVIVE+,2026-02-23T08:00:00Z
169,JYJ,The Beginning,2010-10-14T07:00:00Z
52,JYJ,In Heaven,2011-09-15T07:00:00Z
167,JYJ,IN HEAVEN,2011-09-15T07:00:00Z
2,JYJ,In Heaven (Special Edition Album),2011-12-02T08:00:00Z
12,JYJ,JUST US,2014-07-29T07:00:00Z
109,LE SSERAFIM (르세라핌),FEARLESS - EP,2022-05-02T07:00:00Z
386,LE SSERAFIM (르세라핌),ANTIFRAGILE - EP,2022-10-17T07:00:00Z
173,LE SSERAFIM (르세라핌),UNFORGIVEN,2023-05-01T07:00:00Z
110,LE SSERAFIM (르세라핌),EASY - EP,2024-02-19T08:00:00Z
254,LE SSERAFIM (르세라핌),EASY (Remixes) - EP,2024-02-28T08:00:00Z
154,LE SSERAFIM (르세라핌),CRAZY - EP,2024-08-30T07:00:00Z
251,LE SSERAFIM (르세라핌),HOT - EP,2025-03-14T07:00:00Z
164,NewJeans,NewJeans 1st EP 'New Jeans',2022-08-01T07:00:00Z
333,NewJeans,NewJeans 2nd EP 'Get Up',2023-07-21T07:00:00Z
175,NewJeans,NJWMX,2023-12-19T08:00:00Z
96,NewJeans,How Sweet - EP,2024-05-24T07:00:00Z
518,PLAVE,ASTERUM : The Shape of Things to Come - EP,2023-08-24T07:00:00Z
262,PLAVE,ASTERUM : 134-1 - EP,2024-02-26T08:00:00Z
80,PLAVE,Caligo Pt.1 - EP,2025-02-03T08:00:00Z
29,TWS (투어스),TWS 1st Mini Album 'Sparkling Blue' - EP,2024-01-22T08:00:00Z
370,TWS (투어스),TWS 2nd Mini Album 'SUMMER BEAT!' - EP,2024-06-24T07:00:00Z
224,TWS (투어스),TWS 3rd Mini Album 'TRY WITH US' - EP,2025-04-21T07:00:00Z
462,TWS (투어스),TWS 4th Mini Album 'play hard' - EP,2025-10-13T07:00:00Z
117,Wanna One (워너원),1X1=1 (To Be One) - EP,2017-08-08T07:00:00Z
489,Wanna One (워너원),1-1=0 (Nothing Without You),2017-11-14T08:00:00Z
435,Wanna One (워너원),0+1=1 (I Promise You),2018-03-19T07:00:00Z
470,Wanna One (워너원),1÷x=1 (UNDIVIDED) - EP,2018-06-04T07:00:00Z
355,Wanna One (워너원),1¹¹=1 (Power of Destiny),2018-11-19T08:00:00Z
230,YENA(최예나),SMiLEY - EP,2022-01-17T08:00:00Z
37,YENA(최예나),SMARTPHONE - EP,2022-08-03T07:00:00Z
250,YENA(최예나),SMILEY-Japanese Ver.- (feat.ちゃんみな) - EP,2023-08-07T07:00:00Z
439,YENA(최예나),GOOD MORNING - EP,2024-01-15T08:00:00Z
486,YENA(최예나),DNA - EP,2024-02-07T08:00:00Z
383,YENA(최예나),Blooming Wings - EP,2025-07-29T07:00:00Z
279,i-dle (아이들),I am - EP,2018-05-02T07:00:00Z
315,i-dle (아이들),I made - EP,2019-02-26T08:00:00Z
450,i-dle (아이들),LATATA - EP,2019-07-29T07:00:00Z
74,i-dle (아이들),"투유프로젝트 - Sugar Man3, Episode. 8 - EP",2020-02-01T08:00:00Z
488,i-dle (아이들),I trust - EP,2020-04-06T07:00:00Z
147,i-dle (아이들),Oh my god - EP,2020-08-25T07:00:00Z
290,i-dle (아이들),I burn - EP,2021-01-11T08:00:00Z
403,i-dle (아이들),I NEVER DIE,2022-03-14T07:00:00Z
79,i-dle (아이들),I love - EP,2022-10-17T07:00:00Z
140,i-dle (아이들),I feel - EP,2023-05-15T07:00:00Z
53,i-dle (아이들),HEAT - EP,2023-10-04T07:00:00Z
309,i-dle (아이들),HEAT - EP,2023-10-05T07:00:00Z
151,i-dle (아이들),2,2024-01-29T08:00:00Z
475,i-dle (아이들),I SWAY - EP,2024-07-08T07:00:00Z
273,i-dle (아이들),We are i-dle,2025-05-02T07:00:00Z
431,i-dle (아이들),We are - EP,2025-05-19T07:00:00Z
233,i-dle (아이들),i-dle - EP,2025-10-03T07:00:00Z
423,iKON,WELCOME BACK - EP,2015-10-28T07:00:00Z
332,iKON,WELCOME BACK,2015-11-16T08:00:00Z
513,iKON,WELCOME BACK - EP,2015-11-16T08:00:00Z
108,iKON,WELCOME BACK -COMPLETE EDITION-,2015-12-24T08:00:00Z
354,iKON,WELCOME BACK,2015-12-24T08:00:00Z
27,iKON,WELCOME BACK,2016-01-13T08:00:00Z
511,iKON,2016 iKON iKONCERT SHOWTIME TOUR IN SEOUL LIVE,2016-05-04T07:00:00Z
77,iKON,iKONCERT 2016 SHOWTIME TOUR IN JAPAN (Live),2016-06-22T07:00:00Z
351,iKON,盖世英雄 第8期,2016-08-14T07:00:00Z
111,iKON,DUMB & DUMBER,2016-09-28T07:00:00Z
70,iKON,iKON SINGLE COLLECTION,2016-12-28T08:00:00Z
158,iKON,iKON JAPAN TOUR 2016 (Live),2017-02-01T08:00:00Z
204,iKON,NEW KIDS: BEGIN - EP,2017-05-22T07:00:00Z
228,iKON,NEW KIDS : BEGIN,2017-08-16T07:00:00Z
523,iKON,iKON JAPAN DOME TOUR 2017,2017-09-27T07:00:00Z
99,iKON,iKON JAPAN DOME TOUR 2017 追加公演 SET LIST,2017-11-29T08:00:00Z
323,iKON,Return,2018-01-25T08:00:00Z
182,iKON,iKON JAPAN DOME TOUR 2017 ADDITIONAL SHOWS (Live),2018-03-07T08:00:00Z
35,iKON,NEW KIDS : CONTINUE,2018-08-02T07:00:00Z
120,iKON,RETURN,2018-09-26T07:00:00Z
369,iKON,NEW KIDS : THE FINAL - EP,2018-10-01T07:00:00Z
32,iKON,NEW KIDS REPACKAGE : THE NEW KIDS,2019-01-07T08:00:00Z
94,iKON,NEW KIDS,2019-02-27T08:00:00Z
23,iKON,iKON JAPAN TOUR 2018,2019-03-20T07:00:00Z
235,iKON,iKON JAPAN TOUR 2019,2019-12-04T08:00:00Z
192,iKON,i DECIDE - EP,2020-02-06T08:00:00Z
95,iKON,iKON FAN MEETING 2019 - EP,2020-09-16T07:00:00Z
20,iKON,iKON YEAR END LIVE 2019 (Live),2021-12-24T08:00:00Z
13,iKON,FLASHBACK - EP,2022-05-03T07:00:00Z
59,iKON,FLASHBACK [+ i DECIDE],2022-07-07T07:00:00Z
447,iKON,iKON JAPAN TOUR 2022 [FLASHBACK] (Live),2022-10-26T07:00:00Z
188,iKON,iKON JAPAN TOUR 2022 [FLASHBACK] ENCORE IN OSAKA,2023-03-08T08:00:00Z
498,iKON,TAKE OFF,2023-05-04T07:00:00Z
146,miss A,Bad But Good - EP,2010-07-01T07:00:00Z
138,miss A,Step Up - EP,2010-09-27T07:00:00Z
265,miss A,A Class,2011-07-18T07:00:00Z
325,miss A,Touch (The 4th Project Touch) - EP,2012-02-20T08:00:00Z
340,miss A,"Independent Women, Pt. III - EP",2012-10-15T07:00:00Z
283,miss A,"Independent Women, Pt. III (亞洲特別盤) (台灣版)",2012-11-09T08:00:00Z
8,miss A,Hush,2013-11-06T08:00:00Z
85,miss A,Colors - EP,2015-03-30T07:00:00Z
84,강승윤,PAGE,2021-03-29T07:00:00Z
344,강승윤,"Street Man Fighter (SMF) Original, Vol. 2 (Original Television Soundtrack) - EP",2022-08-23T07:00:00Z
114,강승윤,PAGE 2,2025-11-03T08:00:00Z
115,김준수,"Scent Of A Woman (Original Television Soundtrack), Pt. 2 - EP",2011-08-05T07:00:00Z
272,김준수,Tarantallegra,2012-05-15T07:00:00Z
339,김준수,UNCOMMITTED - EP,2012-05-15T07:00:00Z
443,김준수,Uncommitte​d - EP,2012-08-17T07:00:00Z
510,김준수,Incredible,2013-07-15T07:00:00Z
274,김준수,Musical December 2013 With KIMJUNSU - EP,2013-12-18T08:00:00Z
313,김준수,Flower,2015-03-03T08:00:00Z
270,김준수,Flower (Special Edition),2015-05-28T07:00:00Z
190,김준수,Yesterday,2015-10-19T07:00:00Z
103,김준수,XIGNATURE,2016-05-30T07:00:00Z
241,김준수,Dorian Gray - EP,2016-10-11T07:00:00Z
86,김준수,Pit a Pat - EP,2020-11-10T08:00:00Z
34,김준수,DIMENSION - EP,2022-03-16T07:00:00Z
252,김진호,Han River Love,2013-02-14T08:00:00Z
448,김진호,Today,2013-02-14T08:00:00Z
322,김진호,사람들,2014-09-17T07:00:00Z
127,김진호,Song Spring,2019-10-03T07:00:00Z
288,레드벨벳(Red Velvet),The 1st Mini Album ‘Ice Cream Cake’ - EP,2015-03-17T07:00:00Z
413,레드벨벳(Red Velvet),The Red - The 1st Album,2015-09-09T07:00:00Z
36,레드벨벳(Red Velvet),The Velvet - The 2nd Mini Album,2016-03-17T07:00:00Z
203,레드벨벳(Red Velvet),Russian Roulette - The 3rd Mini Album,2016-09-07T07:00:00Z
425,레드벨벳(Red Velvet),Rookie - The 4th Mini Album - EP,2017-02-01T08:00:00Z
194,레드벨벳(Red Velvet),The Red Summer - Summer Mini Album - EP,2017-07-09T07:00:00Z
61,레드벨벳(Red Velvet),Perfect Velvet - The 2nd Album,2017-11-17T08:00:00Z
180,레드벨벳(Red Velvet),The Perfect Red Velvet - The 2nd Album Repackage - EP,2018-01-29T08:00:00Z
133,레드벨벳(Red Velvet),#Cookie Jar - EP,2018-07-04T07:00:00Z
208,레드벨벳(Red Velvet),Summer Magic - Summer Mini Album,2018-08-06T07:00:00Z
212,레드벨벳(Red Velvet),RBB - The 5th Mini Album - EP,2018-11-30T08:00:00Z
160,레드벨벳(Red Velvet),SAPPY - EP,2019-05-29T07:00:00Z
72,레드벨벳(Red Velvet),‘The ReVe Festival’ Day 1 - EP,2019-06-19T07:00:00Z
19,레드벨벳(Red Velvet),‘The ReVe Festival’ Day 2 - EP,2019-08-20T07:00:00Z
360,레드벨벳(Red Velvet),‘The ReVe Festival’ Finale - EP,2019-12-23T08:00:00Z
353,레드벨벳(Red Velvet),Queendom - The 6th Mini Album - EP,2021-08-16T07:00:00Z
446,레드벨벳(Red Velvet),'The ReVe Festival 2022 - Feel My Rhythm' - EP,2022-03-21T07:00:00Z
153,레드벨벳(Red Velvet),Bloom,2022-04-06T07:00:00Z
269,레드벨벳(Red Velvet),‘The ReVe Festival 2022 - Birthday’ - EP,2022-11-28T08:00:00Z
229,레드벨벳(Red Velvet),Chill Kill - The 3rd Album,2023-11-13T08:00:00Z
207,레드벨벳(Red Velvet),Cosmic - EP,2024-06-24T07:00:00Z
484,레드벨벳(Red Velvet),Cosmic,2024-08-01T07:00:00Z
245,로이킴,"Superstar K4 Top 12, Pt. 5 - EP",2012-11-12T08:00:00Z
287,로이킴,Love Love Love,2013-06-25T07:00:00Z
295,로이킴,Home,2014-10-08T07:00:00Z
497,로이킴,The Great Dipper,2015-12-04T08:00:00Z
82,로이킴,Blossom - EP,2017-05-16T07:00:00Z
326,로이킴,ROY KIM LIVE in Begin Again 2,2018-07-03T07:00:00Z
504,로이킴,",and",2022-10-25T07:00:00Z
410,로이킴,"Call It Love, Pt. 2 (Original Soundtrack from the Disney+ Original Series) - EP",2023-03-02T08:00:00Z
165,림킴 (김예림),A VOICE - EP,2013-06-17T07:00:00Z
106,림킴 (김예림),Her Voice,2013-09-09T07:00:00Z
380,림킴 (김예림),Goodbye 20,2013-11-18T08:00:00Z
92,림킴 (김예림),Simple Mind,2015-04-27T07:00:00Z
181,림킴 (김예림),Generasian - EP,2019-10-15T07:00:00Z
58,림킴 (김예림),<Webtoonsinger> Jeongnyeoni (LIM KIM & ALi) [Original Soundtrack] - EP,2023-03-25T07:00:00Z
395,미란이 (Mirani),UPTOWN GIRL,2021-11-30T08:00:00Z
367,미란이 (Mirani),The Drift,2023-05-09T07:00:00Z
116,미란이 (Mirani),Baby (feat. MIRANI) - EP,2024-02-14T08:00:00Z
263,미란이 (Mirani),ME TIME - EP,2024-09-11T07:00:00Z
231,미란이 (Mirani),CLUTCH - EP,2025-11-03T08:00:00Z
243,박보검,blue bird,2020-03-18T07:00:00Z
361,박보검,ALL MY LOVE - EP,2020-08-10T07:00:00Z
15,박재범,Worldwide,2015-11-05T08:00:00Z
476,박재범,Everything You Wanted,2016-10-20T07:00:00Z
341,박재범,Ask Bout Me,2018-07-20T07:00:00Z
179,박재범,On Fire - EP,2019-08-30T07:00:00Z
39,박재범,This Wasn’t Supposed to Happen - EP,2019-11-15T08:00:00Z
352,박재범,SLAY HOUSE REMIX - EP,2023-01-17T08:00:00Z
436,박재범,THE ONE YOU WANTED,2024-10-08T07:00:00Z
134,백아연,SBS K-POP Star Top 5 - EP,2012-04-08T07:00:00Z
342,백아연,I'm Baek - EP,2012-09-10T07:00:00Z
17,백아연,"Cheongdam Dong Alice (Original Television Soundtrack), Pt. 5 - EP",2013-01-04T08:00:00Z
26,백아연,청담동 앨리스 (Original Television Soundtrack) Pt. 5 - EP,2013-01-04T08:00:00Z
479,백아연,A Good Girl - EP,2013-06-17T07:00:00Z
419,백아연,Bittersweet - EP,2017-05-29T07:00:00Z
237,백아연,Dear me - EP,2018-11-21T08:00:00Z
507,백아연,Observe - EP,2021-09-07T07:00:00Z
519,백예린,FRANK - EP,2015-11-30T08:00:00Z
414,백예린,Our Love is Great,2019-03-18T07:00:00Z
337,백예린,Every letter I sent you.,2019-12-10T08:00:00Z
83,백예린,tellusboutyourself,2020-12-10T08:00:00Z
359,백예린,tellusboutyourself (Remixes) - EP,2021-02-16T08:00:00Z
149,백예린,"Love, Yerin - EP",2021-09-10T07:00:00Z
118,백예린,Flash and Core,2025-10-02T07:00:00Z
350,백현 (BAEKHYUN),City Lights - The 1st Mini Album - EP,2019-07-10T07:00:00Z
477,백현 (BAEKHYUN),Delight - The 2nd Mini Album,2020-05-25T07:00:00Z
285,백현 (BAEKHYUN),BAEKHYUN - EP,2021-01-20T08:00:00Z
455,백현 (BAEKHYUN),Bambi - The 3rd Mini Album - EP,2021-03-30T07:00:00Z
200,백현 (BAEKHYUN),"Hello, World - The 4th Mini Album - EP",2024-09-06T07:00:00Z
75,백현 (BAEKHYUN),Essence of Reverie,2025-05-19T07:00:00Z
144,버스커 버스커 (Busker Busker),"Superstar K3 Top11, Pt. 6 - EP",2011-11-07T08:00:00Z
348,버스커 버스커 (Busker Busker),Busker Busker 1st,2012-03-22T07:00:00Z
363,버스커 버스커 (Busker Busker),Busker Busker 1st Wrap Up Album - EP,2012-06-21T07:00:00Z
328,버스커 버스커 (Busker Busker),Busker Busker 2nd,2013-09-25T07:00:00Z
528,블락비 바스타즈,Zero For Conduct - EP,2015-04-14T07:00:00Z
464,블락비 바스타즈,WELCOME 2 BASTARZ - EP,2016-10-31T07:00:00Z
93,블락비 바스타즈,I'm a mess.,2019-03-29T07:00:00Z
391,선미,Full Moon - EP,2014-02-17T08:00:00Z
128,선미,Warning - EP,2018-09-04T07:00:00Z
483,선미,WARNING - EP,2018-09-04T07:00:00Z
331,선미,1/6 - EP,2021-08-06T07:00:00Z
377,선미,HEART MAID,2025-11-05T08:00:00Z
320,세정,Plant - EP,2020-03-17T07:00:00Z
444,세정,I'm - EP,2021-03-29T07:00:00Z
364,세정,Door,2023-09-04T07:00:00Z
240,소녀시대-태티서(Girls` Generation-TTS),'Twinkle' Mini Album,2012-04-30T07:00:00Z
396,소녀시대-태티서(Girls` Generation-TTS),Holler (The 2nd Mini Album) - EP,2014-09-16T07:00:00Z
16,소녀시대-태티서(Girls` Generation-TTS),Dear Santa - X-Mas Special - EP,2015-12-04T08:00:00Z
416,승리,V.V.I.P,2011-01-20T08:00:00Z
520,승리,Let's Talk About Love - EP,2013-08-19T07:00:00Z
280,승리,LET'S TALK ABOUT LOVE,2013-10-09T07:00:00Z
105,승리,Ignite (feat. SeungRi) [Remixes] - EP,2018-07-06T07:00:00Z
505,승리,THE GREAT SEUNGRI,2018-07-20T07:00:00Z
163,승리,THE GREAT REMIXES of V.I,2018-08-01T07:00:00Z
397,승리,THE GREAT SEUNGRI -JP EDITION-,2018-08-08T07:00:00Z
232,승리,SEUNGRI 2018 1st SOLO TOUR [THE GREAT SEUNGRI] in JAPAN,2019-02-20T08:00:00Z
24,신용재,24,2012-07-27T07:00:00Z
368,신용재,EMPATHY,2016-10-13T07:00:00Z
329,신용재,Mask Singer 88th - EP (Live),2016-12-04T08:00:00Z
305,신용재,Mask Singer 92th - EP (Live),2017-01-01T08:00:00Z
98,신용재,PRESENT - EP,2018-04-13T07:00:00Z
227,신용재,Dear,2020-07-01T07:00:00Z
294,신용재,The Four Seasons - EP,2022-06-08T07:00:00Z
296,신용재,Shine - EP,2024-12-04T08:00:00Z
64,씨스타 (Sistar),Push Push,2010-06-03T07:00:00Z
68,씨스타 (Sistar),Push Push - EP,2010-06-03T07:00:00Z
102,씨스타 (Sistar),Shady Girl - EP,2010-08-25T07:00:00Z
473,씨스타 (Sistar),니까짓게 - EP,2010-12-03T08:00:00Z
480,씨스타 (Sistar),How Dare You - EP,2010-12-03T08:00:00Z
178,씨스타 (Sistar),So Cool,2011-08-09T07:00:00Z
33,씨스타 (Sistar),Alone,2012-04-12T07:00:00Z
236,씨스타 (Sistar),Summer Special 'Loving U',2012-06-28T07:00:00Z
318,씨스타 (Sistar),Give It To Me,2013-06-11T07:00:00Z
213,씨스타 (Sistar),TOUCH N MOVE - EP,2014-07-21T07:00:00Z
71,씨스타 (Sistar),Sweet & Sour - EP,2014-08-26T07:00:00Z
472,씨스타 (Sistar),Shake It - EP,2015-06-22T07:00:00Z
97,씨스타 (Sistar),Insane Love,2016-06-21T07:00:00Z
299,씨엔블루 (CNBLUE),Bluetory - EP,2010-01-14T08:00:00Z
307,씨엔블루 (CNBLUE),Bluelove - EP,2010-05-19T07:00:00Z
215,씨엔블루 (CNBLUE),First Step,2011-03-21T07:00:00Z
201,씨엔블루 (CNBLUE),First Step + 1 Thank You - EP,2011-04-26T07:00:00Z
525,씨엔블루 (CNBLUE),Live-2011 Winter Tour -In My Head-,2012-01-01T00:00:00Z
500,씨엔블루 (CNBLUE),Ear Fun - EP,2012-03-16T07:00:00Z
221,씨엔블루 (CNBLUE),Live-2013 Zepp Tour -Lady-,2013-01-01T00:00:00Z
430,씨엔블루 (CNBLUE),Live-2012 Arena Tour -COME ON!!!-,2013-01-01T00:00:00Z
401,씨엔블루 (CNBLUE),Re:BLUE - EP,2013-01-14T08:00:00Z
506,씨엔블루 (CNBLUE),Present,2013-11-26T08:00:00Z
21,씨엔블루 (CNBLUE),Live-2013 Arena Tour -ONE MORE TIME-,2014-01-01T00:00:00Z
49,씨엔블루 (CNBLUE),Live 2013 FNC KINGDOM -Fantastic & Crazy-,2014-01-01T00:00:00Z
291,씨엔블루 (CNBLUE),Can't Stop - EP,2014-02-24T08:00:00Z
457,씨엔블루 (CNBLUE),Live 2014 FNC Kingdom -Starlight-,2015-01-01T00:00:00Z
482,씨엔블루 (CNBLUE),Live-2015 Spring Live - White,2015-01-01T00:00:00Z
343,씨엔블루 (CNBLUE),2Gether,2015-09-14T07:00:00Z
189,씨엔블루 (CNBLUE),Live 2015 FNC Kingdom,2016-01-01T00:00:00Z
491,씨엔블루 (CNBLUE),Live-2015 Arena Tour -Be a Supernova-,2016-01-01T00:00:00Z
304,씨엔블루 (CNBLUE),Blueming - EP,2016-04-04T07:00:00Z
382,씨엔블루 (CNBLUE),CNBLUE Come Together Tour,2016-08-17T07:00:00Z
62,씨엔블루 (CNBLUE),Live -2017 Spring Live - Shake! Shake! Leftside Right-,2017-01-01T00:00:00Z
310,씨엔블루 (CNBLUE),Live -2017 Spring Live - Shake! Shake! Upside Down-,2017-01-01T00:00:00Z
316,씨엔블루 (CNBLUE),Live-2016 Arena Tour -Our Glory Days-,2017-01-01T00:00:00Z
530,씨엔블루 (CNBLUE),7˚CN - EP,2017-03-20T07:00:00Z
501,씨엔블루 (CNBLUE),CNBLUE Between Us Tour (DVD) [Live],2018-03-28T07:00:00Z
38,씨엔블루 (CNBLUE),Live-2012 Special Event -Robot-,2020-09-15T07:00:00Z
124,씨엔블루 (CNBLUE),Live-2017 Arena Tour -Starting Over-,2020-09-15T07:00:00Z
132,씨엔블루 (CNBLUE),Live-Film Live 2011-2017 -Our Voices-,2020-09-15T07:00:00Z
161,씨엔블루 (CNBLUE),Live-FNC KINGDOM 2013-2017 -OUR VOICES Ⅱ-,2020-09-15T07:00:00Z
166,씨엔블루 (CNBLUE),Live-2012 Special Event -Where You Are-,2020-09-15T07:00:00Z
389,씨엔블루 (CNBLUE),Live-2014 Fmt -Boice- - EP,2020-09-15T07:00:00Z
422,씨엔블루 (CNBLUE),Live-2012 Special Event -Code Name Blue-,2020-09-15T07:00:00Z
434,씨엔블루 (CNBLUE),Live 2017 FNC Kingdom -Midnight Circus-,2020-09-15T07:00:00Z
453,씨엔블루 (CNBLUE),Live-2016 FMT -BoiceTATION-,2020-09-15T07:00:00Z
467,씨엔블루 (CNBLUE),Live-2011 Special Event -In My Head- - EP,2020-09-15T07:00:00Z
494,씨엔블루 (CNBLUE),Live-2015 FMT -Boice Natsumatsuri- - EP,2020-09-15T07:00:00Z
335,씨엔블루 (CNBLUE),Re-Code - EP,2020-11-17T08:00:00Z
137,씨엔블루 (CNBLUE),WANTED - EP,2021-10-20T07:00:00Z
286,씨엔블루 (CNBLUE),X - EP,2024-10-14T07:00:00Z
48,씨엔블루 (CNBLUE),3LOGY,2026-01-07T08:00:00Z
442,아이오아이 (I.O.I),Chrysalis,2016-05-04T07:00:00Z
244,아이오아이 (I.O.I),miss me? - EP,2016-10-17T07:00:00Z
465,아일릿(ILLIT),SUPER REAL ME - EP,2024-03-25T07:00:00Z
87,아일릿(ILLIT),SUPER REAL ME (Sped Up) - EP,2024-04-01T07:00:00Z
461,아일릿(ILLIT),I'LL LIKE YOU - EP,2024-10-21T07:00:00Z
404,아일릿(ILLIT),Cherish (My Love) [Remixes],2024-10-28T07:00:00Z
259,아일릿(ILLIT),bomb - EP,2025-06-16T07:00:00Z
255,아일릿(ILLIT),Billyeoon Goyangi (Do the Dance) [Remixes],2025-06-27T07:00:00Z
268,아일릿(ILLIT),Toki Yo Tomare - EP,2025-09-01T07:00:00Z
529,아일릿(ILLIT),NOT CUTE ANYMORE (Holiday Remixes),2025-12-19T08:00:00Z
463,에일리 (Ailee),Invitation - EP,2012-10-16T07:00:00Z
218,에일리 (Ailee),A's Doll House - EP,2013-07-12T07:00:00Z
216,에일리 (Ailee),Magazine - EP,2014-09-25T07:00:00Z
276,에일리 (Ailee),VIVID,2015-09-30T07:00:00Z
42,에일리 (Ailee),Butterfly,2019-07-02T07:00:00Z
409,에일리 (Ailee),I'm - EP,2020-10-06T07:00:00Z
271,에일리 (Ailee),LOVIN' - EP,2021-05-07T07:00:00Z
427,에일리 (Ailee),AMY,2021-10-27T07:00:00Z
101,에일리 (Ailee),I'M LOVIN' AMY,2022-03-07T08:00:00Z
142,에일리 (Ailee),NEW FESTA EPISODE. 4 - EP,2022-06-29T07:00:00Z
41,에일리 (Ailee),(Me)moir - EP,2025-03-20T07:00:00Z
517,여자친구 (GFRIEND),Season Of Glass - EP,2015-01-15T08:00:00Z
514,여자친구 (GFRIEND),Flower Bud - EP,2015-07-23T07:00:00Z
28,여자친구 (GFRIEND),SNOWFLAKE,2016-01-25T08:00:00Z
366,여자친구 (GFRIEND),LOL,2016-07-11T07:00:00Z
47,여자친구 (GFRIEND),THE AWAKENING - EP,2017-03-06T08:00:00Z
421,여자친구 (GFRIEND),PARALLEL,2017-08-01T07:00:00Z
275,여자친구 (GFRIEND),RAINBOW,2017-09-13T07:00:00Z
398,여자친구 (GFRIEND),Time for the moon night,2018-04-30T07:00:00Z
347,여자친구 (GFRIEND),Sunny Summer - EP,2018-07-19T07:00:00Z
90,여자친구 (GFRIEND),Time for us,2019-01-14T08:00:00Z
392,여자친구 (GFRIEND),FEVER SEASON,2019-07-01T07:00:00Z
381,여자친구 (GFRIEND),回:LABYRINTH - EP,2020-02-03T08:00:00Z
91,여자친구 (GFRIEND),"투유프로젝트 - Sugar Man3, Episode. 10 - EP",2020-02-15T08:00:00Z
18,여자친구 (GFRIEND),回:Song of the Sirens - EP,2020-07-13T07:00:00Z
495,여자친구 (GFRIEND),回:Walpurgis Night,2020-11-09T08:00:00Z
485,예성 (YESUNG),Here I am - The 1st Mini Album,2016-04-19T07:00:00Z
155,예성 (YESUNG),Spring Falling - The 2nd Mini Album - EP,2017-04-18T07:00:00Z
503,예성 (YESUNG),STORY,2019-02-20T08:00:00Z
303,예성 (YESUNG),Pink Magic - EP,2019-06-18T07:00:00Z
415,예성 (YESUNG),Beautiful Night - The 4th Mini Album,2021-05-03T07:00:00Z
384,예성 (YESUNG),Sensory Flows - The 1st Album,2023-01-25T08:00:00Z
198,예성 (YESUNG),Floral Sense - The 1st Album (Special Version),2023-02-27T08:00:00Z
289,예성 (YESUNG),君という桜の花びらが僕の心に舞い降りた。 - EP,2023-05-24T07:00:00Z
135,예성 (YESUNG),Unfading Sense - The 5th Mini Album - EP,2023-10-04T07:00:00Z
330,예성 (YESUNG),It's Complicated - The 6th Mini Album - EP,2024-11-05T08:00:00Z
293,오렌지 캬라멜 (Orange Caramel),The First Mini Album - EP,2010-06-17T07:00:00Z
247,오렌지 캬라멜 (Orange Caramel),A-Ing♡ - EP,2010-11-18T08:00:00Z
156,오렌지 캬라멜 (Orange Caramel),Lipstick,2012-09-12T07:00:00Z
420,오렌지 캬라멜 (Orange Caramel),ORANGE CARAMEL,2013-03-13T07:00:00Z
139,우원재,Af,2018-11-22T08:00:00Z
3,우원재,Black Out,2020-08-18T07:00:00Z
257,우원재,comma - EP,2022-11-24T08:00:00Z
516,울랄라세션,"Superstar K3 Top11, Pt. 6 - EP",2011-11-07T08:00:00Z
492,울랄라세션,"ULALA SENSATION, Pt. 2 - EP",2012-05-16T07:00:00Z
400,울랄라세션,Memory,2013-06-27T07:00:00Z
172,울랄라세션,reJOYce,2014-11-19T08:00:00Z
466,울랄라세션,"Alive, Pt. 2 - Im Yun Taek - EP",2022-02-04T08:00:00Z
393,울랄라세션,"SingAgain2 - Battle of the Unknown, Ep. 9 (From the JTBC Television Show)",2022-02-08T08:00:00Z
43,울랄라세션,"SingAgain2 - Battle of the Unknown, Ep. 10 (From the JTBC Television Show)",2022-02-15T08:00:00Z
402,위너(WINNER),[YG Music] 2014 S/S,2014-08-12T07:00:00Z
428,위너(WINNER),2014 S/S,2014-08-12T07:00:00Z
432,위너(WINNER),2014 S/S -Japan Collection-,2014-09-10T07:00:00Z
81,위너(WINNER),WINNER 1st JAPAN TOUR 2014 (Live),2015-08-26T07:00:00Z
356,위너(WINNER),EXIT : E - EP,2016-02-01T08:00:00Z
50,위너(WINNER),WINNER JAPAN TOUR 2015 (Live),2016-05-25T07:00:00Z
376,위너(WINNER),EXIT MOVEMENT:E -JAPAN EDITION- - EP,2016-06-15T07:00:00Z
412,위너(WINNER),2016 WINNER EXIT TOUR IN SEOUL LIVE,2016-07-28T07:00:00Z
493,위너(WINNER),2016 WINNER EXIT TOUR IN JAPAN,2016-12-14T08:00:00Z
197,위너(WINNER),FATE NUMBER FOR - EP,2017-05-31T07:00:00Z
334,위너(WINNER),OUR TWENTY FOR - EP,2017-08-04T07:00:00Z
469,위너(WINNER),OUR TWENTY FOR,2018-02-07T08:00:00Z
9,위너(WINNER),EVERYD4Y,2018-04-04T07:00:00Z
67,위너(WINNER),EVERYD4Y,2018-09-05T07:00:00Z
388,위너(WINNER),WINNER JAPAN TOUR 2018 ~We'll always be young~,2018-09-05T07:00:00Z
186,위너(WINNER),WE - EP,2019-05-15T07:00:00Z
76,위너(WINNER),WE,2019-07-31T07:00:00Z
31,위너(WINNER),CROSS,2019-10-23T07:00:00Z
125,위너(WINNER),"WINNER THE BEST ""SONG 4 U""",2020-02-12T08:00:00Z
487,위너(WINNER),WINNER JAPAN TOUR 2019,2020-03-04T08:00:00Z
214,위너(WINNER),Remember,2020-04-09T07:00:00Z
515,위너(WINNER),Remember (JP EDITION),2020-07-22T07:00:00Z
379,위너(WINNER),HOLIDAY - EP,2022-07-05T07:00:00Z
176,위너(WINNER),THE BEST OF WINNER LIVE,2025-07-23T07:00:00Z
338,이클립스,"Lovely Runner, Pt. 1 (Original Soundtrack)",2024-04-08T07:00:00Z
177,이클립스,"Lovely Runner, Pt. 4 (Original Soundtrack) - EP",2024-04-23T07:00:00Z
78,이하이,SBS K-POP Star SPECIAL No.1 - EP,2012-03-21T07:00:00Z
126,이하이,SBS K-POP Star Top 5 - EP,2012-04-08T07:00:00Z
460,이하이,First Love,2013-03-28T07:00:00Z
417,이하이,SEOULITE - EP,2016-03-09T08:00:00Z
112,이하이,SEOULITE - EP,2016-04-20T07:00:00Z
264,이하이,24℃ - EP,2019-05-30T07:00:00Z
445,이하이,4 ONLY,2021-09-09T07:00:00Z
55,인피니트H,Fly High - EP,2013-01-11T08:00:00Z
131,인피니트H,Second Mini Album 'Fly Again',2015-01-26T08:00:00Z
56,장범준,Jang Beom June 1st Album,2014-08-19T07:00:00Z
418,장범준,Jang Beom June 2nd Album,2016-03-25T07:00:00Z
346,장범준,Jang Beom June 3rd,2019-03-21T07:00:00Z
119,장범준,History of Nerds,2025-03-20T07:00:00Z
196,장범준,Buscar Buscar - EP,2025-07-20T07:00:00Z
220,장재인,Summer Night - EP,2012-08-01T07:00:00Z
40,장재인,LIQUID - EP,2015-06-11T07:00:00Z
51,장재인,INNER SPACE - EP,2019-12-18T08:00:00Z
174,장재인,The Quest for Anxiety,2020-11-18T08:00:00Z
246,정용화(Jung Yong Hwa),"Heartstrings (Original Television Soundtrack), Pt. 4",2011-07-13T07:00:00Z
311,정용화(Jung Yong Hwa),Live-2015 Solo Live -One Fine Day-,2015-01-01T00:00:00Z
319,정용화(Jung Yong Hwa),Live-2015 Solo Live -One Fine Day-@Nihon Budokan,2015-01-01T00:00:00Z
499,정용화(Jung Yong Hwa),Live-2015 Special Event -One Fine Day- - EP,2015-01-01T00:00:00Z
209,정용화(Jung Yong Hwa),One Fine Day,2015-01-20T08:00:00Z
458,정용화(Jung Yong Hwa),Jung Yong Hwa 1st Concert (One Fine Day) [Live Version],2015-11-26T08:00:00Z
433,정용화(Jung Yong Hwa),Live 2015 FNC Kingdom,2016-01-01T00:00:00Z
57,정용화(Jung Yong Hwa),Live 2016 FNC Kingdom -Creepy Nights- - EP,2017-05-24T07:00:00Z
261,정용화(Jung Yong Hwa),JUNG YONG HWA 1st Mini Album 'Do Disturb' - EP,2017-07-19T07:00:00Z
452,정용화(Jung Yong Hwa),Summer Calling,2017-08-09T07:00:00Z
357,정용화(Jung Yong Hwa),2018 Jung Yong Hwa 'Room 622' (Live),2018-11-07T08:00:00Z
297,정용화(Jung Yong Hwa),FEEL THE Y'S CITY,2020-02-26T08:00:00Z
0,정용화(Jung Yong Hwa),Live 2017 FNC Kingdom -Midnight Circus- - EP,2020-09-15T07:00:00Z
65,정용화(Jung Yong Hwa),Live-Film Live 2015-2017 -Feel the Voice-,2020-09-15T07:00:00Z
136,정용화(Jung Yong Hwa),Live-FNC Kingdom 2015-2018 -Feel the Ballads-,2020-09-15T07:00:00Z
371,정용화(Jung Yong Hwa),Live-2019 Solo Fmt -Y's Home- - EP,2020-09-15T07:00:00Z
374,정용화(Jung Yong Hwa),Live 2019 FNC Kingdom -Winter Forest Camp-,2020-09-15T07:00:00Z
459,정용화(Jung Yong Hwa),Live -2017 Solo Live - Summer Calling,2020-09-15T07:00:00Z
471,정용화(Jung Yong Hwa),Live -2017 Solo Live - Summer Calling-@Kobe World Hall,2020-09-15T07:00:00Z
526,정용화(Jung Yong Hwa),Live -2017 Solo Live - Summer Calling@Xmas-,2020-09-15T07:00:00Z
45,정용화(Jung Yong Hwa),"鄭容和 首張華語EP ""和.唱"" - EP",2021-06-21T07:00:00Z
454,정용화(Jung Yong Hwa),YOUR CITY - EP,2023-09-14T07:00:00Z
123,정용화(Jung Yong Hwa),One Last Day,2025-07-03T07:00:00Z
222,정인,Jung In from Andromeda,2010-03-11T08:00:00Z
509,정인,정인 From Andromeda - EP,2010-03-11T08:00:00Z
187,정인,Melody Remedy - EP,2011-04-05T07:00:00Z
321,정인,Her - EP,2013-03-12T07:00:00Z
253,정인,Rare - EP,2016-01-26T08:00:00Z
219,정인,보컬전쟁 - 신의 목소리 Part.13 - EP,2016-07-14T07:00:00Z
358,정인,One Drop a Day (Original Soundtrack) Pt. 1 - EP,2023-09-03T07:00:00Z
5,정인,Jung In & Mild Beats,2024-08-02T07:00:00Z
349,정인,1980 화요일,2025-02-25T08:00:00Z
429,제니 (JENNIE),One of the Girls - EP,2023-12-08T08:00:00Z
390,제니 (JENNIE),Ruby,2025-03-05T08:00:00Z
11,제니 (JENNIE),Ruby - JENNIE Only Audio,2025-03-07T08:00:00Z
312,제니 (JENNIE),Ruby,2025-03-07T08:00:00Z
336,지나(G.NA),Draw G's First Breath - EP,2010-07-14T07:00:00Z
502,지나(G.NA),Black & White,2011-01-18T08:00:00Z
260,지나(G.NA),Top Girl - EP,2011-08-23T07:00:00Z
524,지나(G.NA),Bloom,2012-05-22T07:00:00Z
157,지나(G.NA),Beautiful Kisses - EP,2013-03-14T07:00:00Z
449,지나(G.NA),"Together Forever, Vol. 1 - EP",2015-11-30T08:00:00Z
306,케이티 김,Log - EP,2019-05-22T07:00:00Z
438,케이티 김,Our Time is Blue - EP,2020-12-04T08:00:00Z
258,케이티 김,By you,2025-10-30T07:00:00Z
302,타블로,"Fever's End, Pt. 1 - EP",2011-10-21T07:00:00Z
301,타블로,"Fever's End, Pt. 2 - EP",2011-11-01T07:00:00Z
373,타블로 (에픽하이),"Fever's End, Pt. 1 - EP",2011-10-21T07:00:00Z
527,타블로 (에픽하이),"Fever's End, Pt. 2 - EP",2011-11-01T07:00:00Z
162,태연 (TAEYEON),I - The 1st Mini Album - EP,2015-10-07T07:00:00Z
143,태연 (TAEYEON),Why - The 2nd Mini Album,2016-06-28T07:00:00Z
405,태연 (TAEYEON),My Voice - The 1st Album,2017-02-28T08:00:00Z
210,태연 (TAEYEON),My Voice - The 1st Album (Deluxe Edition),2017-04-05T07:00:00Z
234,태연 (TAEYEON),This Christmas – Winter is Coming,2017-12-12T08:00:00Z
317,태연 (TAEYEON),Something New - The 3rd Mini Album - EP,2018-06-18T07:00:00Z
385,태연 (TAEYEON),VOICE,2019-05-13T07:00:00Z
205,태연 (TAEYEON),Purpose - The 2nd Album,2019-10-28T07:00:00Z
202,태연 (TAEYEON),Purpose - The 2nd Album Repackage - EP,2020-01-15T08:00:00Z
54,태연 (TAEYEON),#GirlsSpkOut - EP,2020-10-30T07:00:00Z
426,태연 (TAEYEON),What Do I Call You - The 4th Mini Album - EP,2020-12-15T08:00:00Z
282,태연 (TAEYEON),INVU - The 3rd Album,2022-02-14T08:00:00Z
113,태연 (TAEYEON),To. X - The 5th Mini Album - EP,2023-11-27T08:00:00Z
46,태연 (TAEYEON),iScreaM Vol.30 : To. X Remixes - EP,2024-03-08T08:00:00Z
474,태연 (TAEYEON),Letter To Myself - The 6th Mini Album - EP,2024-11-18T08:00:00Z
242,태연 (TAEYEON),Panorama : The Best of TAEYEON,2025-12-01T08:00:00Z
411,트러블메이커 (Trouble Maker),Trouble Maker - EP,2011-12-01T08:00:00Z
104,트러블메이커 (Trouble Maker),Chemistry - EP,2013-10-28T07:00:00Z
22,트러블메이커 (Trouble Maker),F.R.I.E.N.D.S - EP,2025-11-21T08:00:00Z
407,트러블메이커 (Trouble Maker),Every Scar Is A Story - EP,2026-02-27T08:00:00Z
314,하이라이트(Highlight),CAN YOU FEEL IT? - EP,2017-03-13T07:00:00Z
141,하이라이트(Highlight),CALLING YOU,2017-05-29T07:00:00Z
440,하이라이트(Highlight),CELEBRATE - EP,2017-10-16T07:00:00Z
66,하이라이트(Highlight),OUTRO - EP,2018-11-20T08:00:00Z
512,하이라이트(Highlight),The Blowing - EP,2021-05-03T07:00:00Z
100,하이라이트(Highlight),DAYDREAM,2022-03-21T07:00:00Z
122,하이라이트(Highlight),AFTER SUNSET - EP,2022-11-07T08:00:00Z
281,하이라이트(Highlight),Switch On - EP,2024-03-11T07:00:00Z
248,하이라이트(Highlight),From Real to Surreal - EP,2025-04-28T07:00:00Z
150,하이라이트(Highlight),HIGHLIGHT 〈RIDE OR DIE〉 (Live 2025),2025-12-18T08:00:00Z
300,현아 & 낯선,Bubble Pop! - EP,2011-07-05T07:00:00Z
211,현아 & 낯선,Melting - EP,2012-10-21T07:00:00Z
267,현아 & 낯선,A Talk - EP,2014-07-28T07:00:00Z
10,현아 & 낯선,A+ - EP,2015-08-21T07:00:00Z
225,현아 & 낯선,"Together Forever, Vol. 1 - EP",2015-11-30T08:00:00Z
130,현아 & 낯선,A'wesome - EP,2016-08-01T07:00:00Z
249,현아 & 낯선,Following - EP,2017-08-29T07:00:00Z
278,현아 & 낯선,I'm Not Cool - EP,2021-01-28T08:00:00Z
441,현아 & 낯선,Nabillera - EP,2022-07-20T07:00:00Z
365,현아 & 낯선,Attitude - EP,2024-05-02T07:00:00Z
195,현아 (HyunA),Bubble Pop! - EP,2011-07-05T07:00:00Z
168,현아 (HyunA),Melting - EP,2012-10-21T07:00:00Z
185,현아 (HyunA),A Talk - EP,2014-07-28T07:00:00Z
451,현아 (HyunA),A+ - EP,2015-08-21T07:00:00Z
148,현아 (HyunA),"Together Forever, Vol. 1 - EP",2015-11-30T08:00:00Z
73,현아 (HyunA),A'wesome - EP,2016-08-01T07:00:00Z
324,현아 (HyunA),Following - EP,2017-08-29T07:00:00Z
171,현아 (HyunA),I'm Not Cool - EP,2021-01-28T08:00:00Z
362,현아 (HyunA),Nabillera - EP,2022-07-20T07:00:00Z
170,현아 (HyunA),Attitude - EP,2024-05-02T07:00:00Z
284,효린,"Master's Sun (Original Television Soundtrack), Pt. 3",2013-08-21T07:00:00Z
223,효린,Love & Hate,2013-11-26T08:00:00Z
199,효린,"Unpretty Rapstar 2 SEMI FINAL, Pt. 1 - EP",2015-11-07T08:00:00Z
30,효린,It's Me - EP,2016-11-08T08:00:00Z
256,효린,SAY MY NAME - EP,2020-08-19T07:00:00Z
193,효린,iCE - EP,2022-07-18T07:00:00Z
